•i”Ô,‘®NO,»•i–¼,MSDS•\¦–¼,CAS NoD,˜JˆÀ–@,˜JˆÀ–@‘ÎÛ,PRTR,PRTR‘ÎÛ,ˆø‰Î“_,”­‰Î“_,”š”­ŒÀŠE‰º,”š”­ŒÀŠEã,•¦“_,ö‹Cˆ³,ö‹C”äd,ö”­‘¬“x,OSHA PEL,ACGIH TWA,“ú–{Y‹Æ‰q¶Šw‰ï,‹}«“Å«LD50,COUNTER,“ú“hHDB•¨¿–¼,“ú“hHDB_ENG,SDS–¼ENG,˜JˆÀ’Ê’m,JAP,’†‘Œê,‰»R–@Š¯•ñ®—”Ô†,‰»R–@type,prtrNo(—ß˜a5ˆÈ~),prtr•ª—Ş(—ß˜a4‚Ü‚Å),prtr•ª—Ş(—ß˜a5ˆÈ~),“Á‰»‘¥‹æ•ª,“Á‰»‘¥­—ß”Ô†,“Á‰»‘¥”ÍˆÍ,ŠÇ—”Z“x,×ÍŞÙ•\¦‹`–±,—L‹@‘¥•ª—Ş,—L‹@‘¥­—ß”Ô†,“ÅŒ€•ª—Ş,“ÅŒ€­—ß”Ô†,‘˜A”Ô†,‘˜A¸×½,‘˜A–¼‘O,HSº°ÄŞ,update
A-SDS-1,1,,±¸ØÙ÷‰,ND,,,,,,,,,,,,,,,,,,,,Acrylic resin,,,•¸?_?‰,,,,,,,,,,,,,,,,,,,
A-SDS-2,2,,ÎßØ´½ÃÙŒn÷‰,ND,,,,,,,,,,,,,,,,,,,,Polyester resin,,ãÚ??‰,ãÚ??‰,,,,,,,,,,,,,,,,,,,
A-SDS-3,3,,´Îß·¼÷‰,ND,,,,,,,,,,,,,,,,,,,,Epoxy resin,,,???‰,,,,,,,,,,,,,,,,,,,
A-SDS-4,4,,ÌªÉ°Ù÷‰,ND,,,,,,,,,,,,,,,,,,,,Phenolic resin,,,???‰,,,,,,,,,,,,,,,,,,,
A-SDS-5,5,,–§’…•t—^÷‰,ND,,,,,,,,,,,,,,,,,,,,Adhesion imparting resin,,,”S’…?‰,,,,,,,,,,,,,,,,,,,
A-SDS-6,6,,ÎßØ²¿¼±È°Ä÷‰,ND,,,,,,,,,,,,,,,,,,,,Polyisocyanate resin,,,ãÚ??_??‰,,,,,,,,,,,,,,,,,,,
A-SDS-7,7,,ËŞÆÙ÷‰,ND,,,,,,,,,,,,,,,,,,,,Vinyl resin,,,‰³?Šî?‰,,,,,,,,,,,,,,,,,,,
A-SDS-8,8,,Ò×Ğİ÷‰,ND,,,,,,,,,,,,,,,,,,,,Melamine resin,,,OãÚ???‰,,,,,,,,,,,,,,,,,,,
A-SDS-9,9,,–û•Ï«³ÚÀİ÷‰,ND,,,,,,,,,,,,,,,,,,,,Oil-modified urethane resin,,,–û‰ü«“IãÚ???‰,,,,,,,,,,,,,,,,,,,
A-SDS-10,10,,Î–û÷‰,ND,,,,,,,,,,,,,,,,,,,,Petroleum resin,,,Î–û?‰,,,,,,,,,,,,,,,,,,,
A-SDS-11,11,,ÎßØÌŞÀ¼Ş´İ÷‰,ND,,,,,,,,,,,,,,,,,,,,Polybutadiene resin,,,ãÚ’š“ñ??‰,,,,,,,,,,,,,,,,,,,
A-SDS-12,12,,¼Øºİ÷‰,ND,,,,,,,,,,,,,,,,,,,,Silicon resin,,,áé?‰,,,,,,,,,,,,,,,,,,,
A-SDS-13,13,ÆÄÛ¾ÙÛ°½Ş,ÆÄÛ¾ÙÛ°½Ş,9004-70-0,ŠY“–,0,,,,,,,,,,,,,,,,É‰»–È,cellulose nitrate,Cellulose_ nitrate,•Ê•\‘æ9‚Ì424,,É_??‘f,8-176,,,,,,,,,0,,,,,340,1.1,NITROCELLULOSE  dry or wetted with less than 25% water (or alcohol)  by mass,,
A-SDS-14,14,±ÙĞŠç—¿,±ÙĞŠç—¿,7429-90-5,ŠY“–,0.01,,,,,,,,,,,,,,,,±ÙĞÆ³Ñ,aluminium,Aluminum,•Ê•\‘æ9‚Ì37,,??—¿,,,,,,,,,,0.01,,,,,1309,4.1,ALUMINIUM POWDER  COATED,,20230508
A-SDS-15,15,,…_‰»¶Ø³Ñ,ND,,,,,,,,,,,,,,,,,,,,Potassium hydroxide,,,??‰»?,,,,,,,,,,,,,,,,,,,
A-SDS-16,16,,“V‘RºŞÑ,ND,,,,,,,,,,,,,,,,,,,,Rubber_natural,,,“V‘R“É?,,,,,,,,,,,,,,,,,,,
A-SDS-500,500,,d‰»Ü,ND,,,,,,,,,,,,,,,,,,,,Curing agent,,,d‰»?,,,,,,,,,,,,,,,,,,,
A-SDS-600,600,,“Y‰ÁÜ,ND,,,,,,,,,,,,,,,,,,,,Additive,,,“Y‰Á?,,,,,,,,,,,,,,,,,,,
A-SDS-700,700,,Œõd‡ŠJnÜ,ND,,,,,,,,,,,,,,,,,,,,Photo initiator,,,ŒõãÚ‡ˆø??,,,,,,,,,,,,,,,,,,,
A-SDS-800,800,,Šç—¿,ND,,,,,,,,,,,,,,,,,,,,Pigment,,,?—¿,,,,,,,,,,,,,,,,,,,
A-SDS-900,900,,õ—¿,ND,,,,,,,,,,,,,,,,,,,,Dyeing material,,,õ—¿,,,,,,,,,,,,,,,,,,,
A-SDS-1000,1000,,—L‹@—nÜ,ND,,,,,,,,,,,,,,,,,,,,Organic solvent,,,—LŠ÷—n?,,,,,,,,,,,,,,,,,,,
A-SDS-6000,6000,,‰Á‚µÜ,ND,,,,,,,,,,,,,,,,,,,,Matting agent,,,ÁŒõ?,,,,,,,,,,,,,,,,,,,
G-0215M-TY,14,±ÙĞŠç—¿,±ÙĞŠç—¿,7429-90-5,ŠY“–,0.01,,,,,,,,,,,,,,,,±ÙĞÆ³Ñ,aluminium,Aluminum,•Ê•\‘æ9‚Ì37,,??—¿,,,,,,,,,,0.01,,,,,1309,4.1,ALUMINIUM POWDER  COATED,,20230508
G-0670TSAL,14,±ÙĞŠç—¿,±ÙĞŠç—¿,7429-90-5,ŠY“–,0.01,,,,,,,,,,,,,,,,±ÙĞÆ³Ñ,aluminium,Aluminum,•Ê•\‘æ9‚Ì37,,??—¿,,,,,,,,,,0.01,,,,,1309,4.1,ALUMINIUM POWDER  COATED,,20230508
G-1000,1000,Î–ûÅÌ»,Î–ûÅÌ»,64742-95-6,,0.01,,,46,490,,,167,,,0.2,,,,5000,1,’á•¦“_–F‘°ÅÌ»,light aromatic solvent naphtha,Solvent naphtha (petroleum)_ light aromatic,•Ê•\‘æ9‚Ì330,,C9-10 –F??,,,,,,,,,,0.01,,,,,,,,,20230417
G-1050-75X,3,,´Îß·¼÷‰,ND,,,,,,,,,,,,,,,,,,,,Epoxy resin,,,???‰,,,,,,,,,,,,,,,,,,,
G-1140B,4,,ÌªÉ°Ù÷‰,ND,,,,,,,,,,,,,,,,,,,,Phenolic resin,,,???‰,,,,,,,,,,,,,,,,,,,
G-1203,4,,ÌªÉ°Ù÷‰,ND,,,,,,,,,,,,,,,,,,,,Phenolic resin,,,???‰,,,,,,,,,,,,,,,,,,,
G-120TY,14,±ÙĞŠç—¿,±ÙĞŠç—¿,7429-90-5,ŠY“–,0.01,,,,,,,,,,,,,,,,±ÙĞÆ³Ñ,aluminium,Aluminum,•Ê•\‘æ9‚Ì37,,??—¿,,,,,,,,,,0.01,,,,,1309,4.1,ALUMINIUM POWDER  COATED,,20230508
G-123TMBZ,1150,1_2_3-ÄØÒÁÙÍŞİ¾Şİ,1_2_3-ÄØÒÁÙÍŞİ¾Şİ,526-73-8,,0.01,,,,,,,,,,,,,25,,,,,1_2_3-trimethylbenzene,•Ê•\‘æ9‚Ì404,,1_2_3-Ob,3-7 3-3427,,1-342,,‘æˆêí,,,,,0.01,,,,,1993,3,FLAMMABLE LIQUID  N.O.S.,,20230417
G-124TMBZ,1151,1_2_4-ÄØÒÁÙÍŞİ¾Şİ,1_2_4-ÄØÒÁÙÍŞİ¾Şİ,95-63-6,,0.01,1-296,0.01,,,,,,,,,,,25,,,1_2_4-ÄØÒÁÙÍŞİ¾Şİ,1_2_4-trimethylbenzene,1_2_4-Trimethylbenzene,•Ê•\‘æ9‚Ì404,,•ÎOb?,3-7 3-3427,—Dæ•]‰¿‰»Šw•¨¿,1-342,‘æˆêí,‘æˆêí,,,,,0.01,,,,,1993,3,FLAMMABLE LIQUID  N.O.S.,,20230417
G-1302,4,,ÌªÉ°Ù÷‰,ND,,,,,,,,,,,,,,,,,,,,Phenolic resin,,,???‰,,,,,,,,,,,,,,,,,,,
G-1304LN,4,,ÌªÉ°Ù÷‰,ND,,,,,,,,,,,,,,,,,,,,Phenolic resin,,,???‰,,,,,,,,,,,,,,,,,,,
G-1341,2,,ÎßØ´½ÃÙŒn÷‰,ND,,,,,,,,,,,,,,,,,,,,Polyester resin,,,ãÚ??‰,,,,,,,,,,,,,,,,,,,
G-135TMBZ,1152,1_3_5-ÄØÒÁÙÍŞİ¾Şİ,1_3_5-ÄØÒÁÙÍŞİ¾Şİ,108-67-8,,0.01,1-297,0.01,,,,,,,,,,,25,,,1_3_5-ÄØÒÁÙÍŞİ¾Şİ,mesitylene,1_3_5-Trimethylbenzene,•Ê•\‘æ9‚Ì404,,‹ÏOb?,3-7 3-3427,—Dæ•]‰¿‰»Šw•¨¿,1-342,‘æˆêí,‘æˆêí,,,,,0.01,,,,,2325,3,1 3 5-TRIMETHYLBENZENE,,20230417
G-13-BISNCOCYHEXA,6,1_3-ËŞ½_²¿¼±ÅÄÒÁÙ_¼¸ÛÍ·»İ,1_3-ËŞ½_²¿¼±ÅÄÒÁÙ_¼¸ÛÍ·»İ,38661-72-2,,,,,,,,,,,,,,,,,,,,1_3-Bis(isocyanatomethyl)cyclohexane,,,ãÚ??_??‰,,,,,,,,,,,,,,,,,,,
G-14DEBZ,1000,1_4-¼Ş´ÁÙÍŞİ¾Şİ,1_4-¼Ş´ÁÙÍŞİ¾Şİ,105-05-5,,,,,55,430,0.7,6,183.7,1.06,,,,,,,,,,1_4-diethylbenzene,,,,3-13 3-60,,,,,,,,,,,,,,2049,3,DIETHYLBENZENE,,20230417
G-14ML,5,–³…ÏÚ²İ_•Ï«‰–‘f‰»ÎßØÌßÛËßÚİ,–§’…•t—^÷‰,68609-36-9,,,,,,,,,,,,,,,,,,,,Chlorinated (Reaction product of furan-2_5-dione and polypropylene),,,”S’…?‰,,,,,,,,,,,,,,,,,,,20230508
G-TMPTGE,5,ÄØÒÁÛ°ÙÌßÛÊßİÄØ¸ŞØ¼¼ŞÙ´°ÃÙ,–§’…•t—^÷‰,30499-70-8,,,,,,,,,,,,,,,,,,ÄØÒÁÛ°ÙÌßÛÊßİÄØ¸ŞØ¼¼ŞÙ´°ÃÙ,1_3-Propanediol_ 2-ethyl-2-(hydroxymethyl)-_ polymer with 2-(chloromethyl)oxirane,1_3-Propanediol_ 2-ethyl-2-(hydroxymethyl)-_ polymer with 2-(chloromethyl)oxirane,,,O?bŠî•¸?O?…ŠÃ–û?,,,,,,,,,,,,,,,,,,,
G-14-WL-P,5,ƒ|ƒŠƒvƒƒsƒŒƒ“‰–‘f‰»•¨,–§’…•t—^÷‰,68442-33-1,,,,,,,,,,,,,,,,,,‰–‘f‰»ÎßØÌßÛËßÚİ÷‰,,1-Propene_ homopolymer_ chlorinated,,,?‰»ãÚ•¸?,,,,,,,,,,,,,,,,,,,
G-1500,1000,‚•¦“_–F‘°ÅÌ»,—L‹@—nÜ,64742-94-5,,0.01,,,67,470,,,190,,,0.1,,,,5000,1,‚•¦“_–F‘°ÅÌ»,heavy aromatic solvent naphtha,Solvent naphtha (petroleum)_ heavy aromatic,•Ê•\‘æ9‚Ì330,‚•¦“_–F‘°ÅÌ»,—n?Î?–û,,,,,,,,,,0.01,,,,,,,,,20230417
G-1500-3,1,1500-3,±¸ØÙ÷‰,ND,,,,,,,,,,,,,,,,,,,,Acrylic resin,,,•¸?_?‰,,,,,,,,,,,,,,,,,,,
G-1501,1,,±¸ØÙ÷‰,ND,,,,,,,,,,,,,,,,,,,,Acrylic resin,,,•¸?_?‰,,,,,,,,,,,,,,,,,,,
G-1505,1,,±¸ØÙ÷‰,ND,,,,,,,,,,,,,,,,,,,,Acrylic resin,,,•¸?_?‰,,,,,,,,,,,,,,,,,,,
G-16-141,2,,ÎßØ´½ÃÙŒn÷‰,ND,,,,,,,,,,,,,,,,,,,,Polyester resin,,,ãÚ??‰,,,,,,,,,,,,,,,,,,,
G-17-806,1,17-806,±¸ØÙ÷‰,ND,,,,,,,,,,,,,,,,,,,,Acrylic resin,,,•¸?_?‰,,,,,,,,,,,,,,,,,,,
G-1800,1000,‚•¦“_–F‘°ÅÌ»,—L‹@—nÜ,64742-94-5,,0.01,,,79,465,,,206,,,,,,,1780,1,‚•¦“_–F‘°ÅÌ»,heavy aromatic solvent naphtha,Solvent naphtha (petroleum)_ heavy aromatic,•Ê•\‘æ9‚Ì330,‚•¦“_–F‘°ÅÌ»,—n?Î?–û,,,,,,,,,,0.01,,,,,,,,,20230417
G-20SE60,8,,Ò×Ğİ÷‰,ND,,,,,,,,,,,,,,,,,,,,Melamine resin,,,OãÚ???‰,,,,,,,,,,,,,,,,,,,
G-21M,7,,ËŞÆÙ÷‰,ND,,,,,,,,,,,,,,,,,,,,Vinyl resin,,,‰³?Šî?‰,,,,,,,,,,,,,,,,,,,
G-2356,6000,,‰Á‚µÜ,ND,,,,,,,,,,,,,,,,,,,,,,,,,,,,,,,,,,,,,,,,,,
G-2468,1,ËÀÛ²ÄŞ2468,±¸ØÙ÷‰,ND,,,,,,,,,,,,,,,,,,,,Acrylic resin,,,•¸?_?‰,,,,,,,,,,,,,,,,,,,
G-271ASOL,4,,ÌªÉ°Ù÷‰,ND,,,,,,,,,,,,,,,,,,,,Phenolic resin,,,???‰,,,,,,,,,,,,,,,,,,,
G-2E4MZ,500,2-´ÁÙ-4-ÒÁÙ²ĞÀŞ¿Ş°Ù,d‰»Ü,931-36-2,,,,,,,,,,,,,,,,,,2-´ÁÙ-4-ÒÁÙ²ĞÀŞ¿Ş°Ù,2-ethyl-4-methylimidazole,2-ethyl-4-methylimidazole,,,2-‰³Šî-4-bŠî??,,,,,,,,,,,,,,,,,,,
G-2E-AQ,700,2E-AQ,Œõd‡ŠJnÜ,84-51-5,,,,,,,,,,,,,,,,,,,,,,,,,,,,,,,,,,,,,,,,,,
G-2E-HEXANOL,1000,2-´ÁÙ-1-Í·»É°Ù,—L‹@—nÜ,104-76-7,,,,,,,,,,,,,,,,,,2-´ÁÙÍ·»É°Ù,2-ethylhexanol,Organic solvent,,2-´ÁÙ-1-Í·»É°Ù,2-‰³ŠîŒÈ†,,,,,,,,,,,,,,,,,,,
G-3521,1,ËÀÛ²ÄŞ3521,±¸ØÙ÷‰,ND,,,,,,,,,,,,,,,,,,,,Acrylic resin,,,•¸?_?‰,,,,,,,,,,,,,,,,,,,
G-4055,3,,´Îß·¼÷‰,ND,,,,,,,,,,,,,,,,,,,,Epoxy resin,,,???‰,,,,,,,,,,,,,,,,,,,
G-4120TY,14,±ÙĞŠç—¿,±ÙĞŠç—¿,7429-90-5,ŠY“–,0.01,,,,,,,,,,,,,,,,±ÙĞÆ³Ñ,aluminium,Aluminum pigment,•Ê•\‘æ9‚Ì37,,??—¿,,,,,,,,,,0.01,,,,,1309,4.1,ALUMINIUM POWDER  COATED,,20230508
G-444-50,2,,ÎßØ´½ÃÙŒn÷‰,ND,,,,,,,,,,,,,,,,,,,,Polyester resin,,,ãÚ??‰,,,,,,,,,,,,,,,,,,,
G-444-50T,2,,ÎßØ´½ÃÙŒn÷‰,ND,,,,,,,,,,,,,,,,,,,,Polyester resin,,,ãÚ??‰,,,,,,,,,,,,,,,,,,,
G-45-163,2,,ÎßØ´½ÃÙŒn÷‰,ND,,,,,,,,,,,,,,,,,,,,Polyester resin,,,ãÚ??‰,,,,,,,,,,,,,,,,,,,
G-47-151,1,,±¸ØÙ÷‰,ND,,,,,,,,,,,,,,,,,,,,Acrylic resin,,,•¸?_?‰,,,,,,,,,,,,,,,,,,,
G-47-508-60,8,,Ò×Ğİ÷‰,ND,,,,,,,,,,,,,,,,,,,,Melamine resin,,,OãÚ???‰,,,,,,,,,,,,,,,,,,,
G-52-204,1,,±¸ØÙ÷‰,ND,,,,,,,,,,,,,,,,,,,,Acrylic resin,,,•¸?_?‰,,,,,,,,,,,,,,,,,,,
G-5301X-50,2,,ÎßØ´½ÃÙŒn÷‰,ND,,,,,,,,,,,,,,,,,,,,Polyester resin,,,ãÚ??‰,,,,,,,,,,,,,,,,,,,
G-5302X-50,2,,ÎßØ´½ÃÙŒn÷‰,ND,,,,,,,,,,,,,,,,,,,,,,,,,,,,,,,,,,,,,,,,,,
G-563-78-0,1000,2_3-¼ŞÒÁÙ-1-ÌŞÃİ,—L‹@—nÜ,563-78-0,,,,,,,,,,,,,,,,,,,,2_3-Dimethylbut-1-ene,,,,2-31,,,,,,,,,,,,,,,,,,20230508
G-5-731,1,,±¸ØÙ÷‰,ND,,,,,,,,,,,,,,,,,,,,Acrylic resin,,,•¸?_?‰,,,,,,,,,,,,,,,,,,,
G-57-451,1,,±¸ØÙ÷‰,ND,,,,,,,,,,,,,,,,,,,,Acrylic resin,,,•¸?_?‰,,,,,,,,,,,,,,,,,,,
G-57-703,1,,±¸ØÙ÷‰,ND,,,,,,,,,,,,,,,,,,,,Acrylic resin,,,•¸?_?‰,,,,,,,,,,,,,,,,,,,
G-6270N,14,±ÙĞŠç—¿,±ÙĞŠç—¿,7429-90-5,ŠY“–,0.01,,,,,,,,,,,,,,,,±ÙĞÆ³Ñ,aluminium,Aluminum,•Ê•\‘æ9‚Ì37,,??—¿,,,,,,,,,,0.01,,,,,1309,4.1,ALUMINIUM POWDER  COATED,,20230508
G-653G,2,,ÎßØ´½ÃÙŒn÷‰,ND,,,,,,,,,,,,,,,,,,,,Polyester resin,,,ãÚ??‰,,,,,,,,,,,,,,,,,,,
G-6AN-8000,1,±¸Ø¯Ä 6AN-8000,±¸ØÙ÷‰,ND,,,,,,,,,,,,,,,,,,,,Acrylic resin,,,•¸?_?‰,,,,,,,,,,,,,,,,,,,
G-6CV-102,1,±¸Ø¯Ä 6CV-102,±¸ØÙ÷‰,ND,,,,,,,,,,,,,,,,,,,,Acrylic resin,,,•¸?_?‰,,,,,,,,,,,,,,,,,,,
G-71449-78-0,700,¼ŞÌªÆÙ[4-[ÌªÆÙÁµ]ÌªÆÙ]½ÙÎÆ³ÑÍ·»ÌÙµÛ±İÁÓÅ°Ä,Œõd‡ŠJnÜ,71449-78-0,,,,,,,,,,,,,,,,,,,,Photo initiator,,,ŒõãÚ‡ˆø??,,,,,,,,,,,,,,,,,,,
G-79-KAMA,2,,ÎßØ´½ÃÙŒn÷‰,ND,,,,,,,,,,,,,,,,,,,,Polyester resin,,,ãÚ??‰,,,,,,,,,,,,,,,,,,,
G-79-OH,9,,–û•Ï«³ÚÀİ÷‰,ND,,,,,,,,,,,,,,,,,,,,Oil-modified urethane resin,,,–û‰ü«“IãÚ???‰,,,,,,,,,,,,,,,,,,,
G-803-70,2,,ÎßØ´½ÃÙŒn÷‰,ND,,,,,,,,,,,,,,,,,,,,Polyester resin,,,ãÚ??‰,,,,,,,,,,,,,,,,,,,
G-89452-37-9,700,Áµ¼Ş-p-ÌªÆÚİËŞ½[¼ŞÌªÆÙ½ÙÎÆ³Ñ]ËŞ½[Í·»ÌÙµÛ±İÁÓÅ°Ä],Œõd‡ŠJnÜ,89452-37-9,,,,,,,,,,,,,,,,,,,,Photo initiator,,,ŒõãÚ‡ˆø??,,,,,,,,,,,,,,,,,,,
G-8SQ-1337A,1,±¸Ø¯Ä8SQ-1337A,±¸ØÙ÷‰,ND,,,,,,,,,,,,,,,,,,,,Acrylic resin,,,•¸?_?‰,,,,,,,,,,,,,,,,,,,
G-926-70,2,,ÎßØ´½ÃÙŒn÷‰,ND,,,,,,,,,,,,,,,,,,,,Polyester resin,,,ãÚ??‰,,,,,,,,,,,,,,,,,,,
G-97-0078AL,14,±ÙĞŠç—¿,±ÙĞŠç—¿,7429-90-5,ŠY“–,0.01,,,,,,,,,,,,,,,,±ÙĞÆ³Ñ,aluminium,Aluminum,•Ê•\‘æ9‚Ì37,,??—¿,,,,,,,,,,0.01,,,,,1309,4.1,ALUMINIUM POWDER  COATED,,20230508
G-A-141,1,,±¸ØÙ÷‰,ND,,,,,,,,,,,,,,,,,,,,Acrylic resin,,,•¸?_?‰,,,,,,,,,,,,,,,,,,,
G-A-168,1,,±¸ØÙ÷‰,ND,,,,,,,,,,,,,,,,,,,,Acrylic resin,,,•¸?_?‰,,,,,,,,,,,,,,,,,,,
G-A-187T,600,´Îß·¼¼×İ,“Y‰ÁÜ,2530-83-8,,,,,149,300,,,290,1.3,,,,,,,1,´Îß·¼¼×İ,3-(2_3-epoxypropoxy)propyltrimethoxy-silane,2-{[3-(Trimethoxysilyl)propoxy]methyl}oxirane,,2-{[3-(ÄØÒÄ·¼¼ØÙ)ÌßÛÎß·¼]ÒÁÙ}µ·¼×İ,3-(2_3-??•¸?)•¸ŠîOb?Šîáé?,2-2071,,1-344,,‘æˆêí,,,,,,,,,,,,,,20230417
G-A-189,601,3-ÒÙ¶ÌßÄÌßÛËßÙ-ÄØÒÄ·¼¼×İ,“Y‰ÁÜ,4420-74-0,,,,,88,,,,212,1.33,,,,,,,,,,3-(Trimethoxysilyl)propane-1-thiol,,3-(ÄØÒÄ·¼¼ØÙ)ÌßÛÊßİ-1-Áµ°Ù,,,,,,,,,,,,,,,,,,,,
G-A-801-P,1,±¸ØÃŞ¨¯¸A-801-P,±¸ØÙ÷‰,ND,,,,,,,,,,,,,,,,,,,,Acrylic resin,,,•¸?_?‰,,,,,,,,,,,,,,,,,,,
G-A-815-45,1,,±¸ØÙ÷‰,ND,,,,,,,,,,,,,,,,,,,,Acrylic resin,,,•¸?_?‰,,,,,,,,,,,,,,,,,,,
G-AA,600,±¸ØÙ_,±¸ØÙ_,79-10-7,ŠY“–,0.01,,,,,,,,,,,,,,,,±¸ØÙ_,acrylic acid,Acrylic acid,•Ê•\‘æ9‚Ì2,±¸ØÙ_,•¸?_,,,,,,,,,,0.01,,,,,,,,,
G-A-A-D-I,600,±¼ŞËßİ_¼Ş²¿ÉÆÙ,“Y‰ÁÜ,33703-08-1,,,,,,,,,,,,,,,,,,,,Diisononyl adipate,,¼Ş²¿ÉÆÙ=±¼ŞÊß°Ä,ŒÈ“ñ_“ñ?p?,,,,,,,,,,,,,,,,,,,
G-AAS,4,AASŠ˜ã‚ª‚è,ÌªÉ°Ù÷‰,ND,,,,,,,,,,,,,,,,,,,,Phenolic resin,,,???‰,,,,,,,,,,,,,,,,,,,
G-AAS-NOLI,4,AASŠ˜ã‚ª‚èNO-LI,ÌªÉ°Ù÷‰,ND,,,,,,,,,,,,,,,,,,,,Phenolic resin,,,???‰,,,,,,,,,,,,,,,,,,,
G-AC-1100,600,,“Y‰ÁÜ,ND,,,,,,,,,,,,,,,,,,,,Additive,,,,,,,,,,,,,,,,,,,,,,
G-AC-1160HF,600,ÌÛ°Úİ AC-1160HF,“Y‰ÁÜ,ND,,,,,,,,,,,,,,,,,,,,Additive,,,,,,,,,,,,,,,,,,,,,,
G-AC-3001A,1,,±¸ØÙ÷‰,ND,,,,,,,,,,,,,,,,,,,,Acrylic resin,,,•¸?_?‰,,,,,,,,,,,,,,,,,,,
G-AC-3011,1,”½‰«±¸ØÙ÷‰,±¸ØÙ÷‰,384345-04-4,,,,,,,,,,,,,,,,,,,,Acrylic resin,,,•¸?_?‰,,,,,,,,,,,,,,,,,,,20230417
G-AC-3011A,1,”½‰«±¸ØÙ÷‰,±¸ØÙ÷‰,384345-04-4,,,,,,,,,,,,,,,,,,,,Acrylic resin,,ÄØ²¿ÌßÛÎß·¼±ÙĞÆ³Ñ¥±¾Ä|_´ÁÙ¥±¾ÁÙ±¾Äİ‚Æ‚Ì”½‰•¨,•¸?_?‰,,,,,,,,,,,,,,,,,,,20230417
G-ACAC,1000,±¾ÁÙ±¾Äİ,±¾ÁÙ±¾Äİ,123-54-6,ŠY“–,0.01,,,38.5,340,2.4,11.6,139.5,7.9,3.45,,,25,,,,±¾ÁÙ±¾Äİ,2_4-pentadione,Acetylacetone,•Ê•\‘æ9‚Ì11‚Ì5:—ß˜a6”N4Œ1“ú{s,±¾ÁÙ±¾Äİ,‰³?•¸?,2-562,,1-015,,‘æˆêí,,,,,0.01,,,,,2310,3,PENTANE-2 4-DIONE,,20230417
G-ACETONE,1000,±¾Äİ,±¾Äİ,67-64-1,ŠY“–,0.001,,,-18,465,2.2,13,56,24,2,,,,,,,±¾Äİ,acetone,Acetone,•Ê•\‘æ9‚Ì17,,•¸?,,,,,,,,,,0.01,,,,,,,,,
G-ACRYLAMIDE,1200,±¸ØÙ±ĞÄŞ,±¸ØÙ±ĞÄŞ,79-6-1,ŠY“–,0.001,1í(2),0.01,,,,,,,,,,,,,,±¸ØÙ±ĞÄŞ,acrylamide,Acrylamide,•Ê•\‘æ9‚Ì1,,•¸???,,,,,,,,,,0.001,,,,,,,,,
G-AGISYN-530,1,,±¸ØÙ÷‰,ND,,,,,,,,,,,,,,,,,,,,Acrylic resin,,,•¸?_?‰,,,,,,,,,,,,,,,,,,,
G-ALCH-M,500,±ÙĞ·Ú°ÄM,d‰»Ü,80481-35-2,,,,,,,,,,,,,,,,,,,,,,,,,,,,,,,,,,,,,,,,,,
G-AL-CRATES,500,±ÙĞ·Ú°Ä,d‰»Ü,19443-16-4,,,,,,,,,,,,,,,,,,,,Curing agent,,,d‰»?,2-3009,,,,,,,,,,,,,,,,,,20230417
G-ALK-ACETATE,1999,N-±Ù·Ù±¾Ã°Ä,N-±Ù·Ù±¾Ã°Ä,ND,,,,,47,,,,,,,,,,,,,,,,,,,,,,,,,,,,,,,,,,,,,
G-ALL-TMBZ,1154,ÄØÒÁÙÍŞİ¾Şİ,ÄØÒÁÙÍŞİ¾Şİ,25551-13-7,ŠY“–,0.01,,,,,,,,,,,,25,0,,0,ÄØÒÁÙÍŞİ¾Şİ¬‡•¨,trimethyl benzene (mixed isomers),Benzene_ trimethyl-,•Ê•\‘æ9‚Ì404,,Ob?,3-7 3-3427,—Dæ•]‰¿‰»Šw•¨¿,1-342,,‘æˆêí,,,,,0.01,,,,,1993,3,FLAMMABLE LIQUID  N.O.S.,,20230417
G-ALOH,600,…_‰»±ÙĞÆ³Ñ,“Y‰ÁÜ,21645-51-2,,,,,,,,,,,,,,,,,,…_‰»±ÙĞÆ³Ñ,aluminium hydroxide,Aluminium hydroxide,,,??‰»?,,,,,,,,,,,,,,,,,,,
G-AMIN,600,±Ğİ,±Ğİ,ND,,,,,,,,,,,,,,,,,,,,,,,,,,,,,,,,,,,,,,,,,,
G-ANON,1170,¼¸ÛÍ·»Éİ,¼¸ÛÍ·»Éİ,108-94-1,ŠY“–,0.001,,,46.5,473,1.1,9.4,156,0.3,3.38,0.3,,25,25,1400,1,¼¸ÛÍ·»Éİ,cyclohexanone,Cyclohexanone,•Ê•\‘æ9‚Ì231,,?ŒÈ?,3-2376,—Dæ•]‰¿‰»Šw•¨¿,,,,,,,20ppm,0.01,‘æ“ñí—L‹@—nÜ“™,25,,,1915,3,CYCLOHEXANONE,2914.22,20230508
G-AU-7002,1,AU-7002,±¸ØÙ÷‰,ND,,,,,,,,,,,,,,,,,,,,Acrylic resin,,,•¸?_?‰,,,,,,,,,,,,,,,,,,,
G-AU-7005,1,AU-7005,±¸ØÙ÷‰,ND,,,,,,,,,,,,,,,,,,,,Acrylic resin,,,•¸?_?‰,,,,,,,,,,,,,,,,,,,
G-B_F_G-ETHER,1000,P-Tert-ÌŞÁÙÌªÆÙ¸ŞØ¼¼ŞÙ´°ÃÙ,—L‹@—nÜ,3101-60-8,,,,,,,,,,,,,,,,,,,,P-tert-butylphenyl 1-(2_3-epoxy)propyl ether,,,,,,,,,,,,,,,,,,,,,,
G-B-570,500,ÃÄ×ËÄŞÛÒÁÙ–³…ÌÀÙ_,ÃÄ×ËÄŞÛÒÁÙ–³…ÌÀÙ_,11070-44-3,ŠY“–,0.001,1í(265),0.01,,,,,,,,,,,,,,,,Methyltetrahydroisobenzofuran-1_3-dione,•Ê•\‘æ9‚Ì367‚Ì2,,l?bŠî??“ñb_?,,,,,,,,,,0.01,,,,,,,,,
G-B-570H,500,ÃÄ×ËÄŞÛÒÁÙ–³…ÌÀÙ_,ÃÄ×ËÄŞÛÒÁÙ–³…ÌÀÙ_,11070-44-3,ŠY“–,0.001,1í(265),0.01,,,,,,,,,,,,,,,,Methyltetrahydroisobenzofuran-1_3-dione,•Ê•\‘æ9‚Ì367‚Ì2,,l?bŠî??“ñb_?,,,,,,,,,,0.01,,,,,,,,,
G-BCELL,1100,´ÁÚİ¸ŞØº°ÙÓÉ-ÉÙÏÙ-ÌŞÁÙ´°ÃÙ,´ÁÚİ¸ŞØº°ÙÓÉ-ÉÙÏÙ-ÌŞÁÙ´°ÃÙ,111-76-2,ŠY“–,0.001,,,67.5,244,1.1,10.6,171.2,0.1,4.1,0.06,,25,20,1400,1,´ÁÚİ¸ŞØº°ÙÓÉÌŞÁÙ´°ÃÙ,2-butoxyethanol,2-Butoxyethanol,•Ê•\‘æ9‚Ì79,,‰³“ñ†?’š?,7-97 2-407 2-2424,—Dæ•]‰¿‰»Šw•¨¿,1-077,,‘æˆêí,,,,25ppm,0.01,‘æ“ñí—L‹@—nÜ“™,8,,,2810,6.1,TOXIC LIQUID  ORGANIC  N.O.S.,2909.43,20230417
G-BHT,1000,2.6-¼Ş-À°¼¬Ø°ÌŞÁÙ-4-¸Ú¿Ş°Ù,2.6-¼Ş-À°¼¬Ø°ÌŞÁÙ-4-¸Ú¿Ş°Ù,128-37-0,ŠY“–,0.001,1-207,,,,,,,,,,,,,,,2_6-¼Ş-À°¼¬Ø-ÌŞÁÙ-4-¸Ú¿Ş°Ù,butylated hydroxytoluene,2_6-Di-tert-butyl-4-methylphenol,•Ê•\‘æ9‚Ì262,,2_6-“ñ - f’šŠî-4-bŠî??,3-540 9-1805,—Dæ•]‰¿‰»Šw•¨¿,1-232,‘æˆêí,‘æˆêí,,,,,0.01,,,,,,,,,20230425
G-BIS-190,1,±¸ØÙ_ 2-[2-(´ÁÙµ·¼)´ÁÙµ·¼]´ÁÙ,±¸ØÙ÷‰,7328-17-8,,,,,,,,,,,,,,,,,,,,2-(2-ethoxyethoxy)ethyl acrylate,,,•¸?_?‰,,,,,,,,,,,,,,,,,,,
G-BL-4GA,800,“º‹y‚Ñ‚»‚Ì‰»‡•¨,“º‹y‚Ñ‚»‚Ì‰»‡•¨,147-14-8,,,,,,,,,,,,,,,,,,ÌÀÛ¼±ÆİÌŞÙ°,C.I.Pigment Blue 15,Copper_ phthalocyaninato-,•Ê•\‘æ9‚Ì379,,?—¿? 15,,,,,,,,,,,,,,,,,,,
G-BL-4GT,800,“º‹y‚Ñ‚»‚Ì‰»‡•¨,“º‹y‚Ñ‚»‚Ì‰»‡•¨,147-14-8,,,,,,,,,,,,,,,,,,ÌÀÛ¼±ÆİÌŞÙ°,C.I.Pigment Blue 15,Copper_ phthalocyaninato-,•Ê•\‘æ9‚Ì379,,?—¿? 15,,,,,,,,,,,,,,,,,,,
G-BL-616,1,,±¸ØÙ÷‰,ND,,,,,,,,,,,,,,,,,,,,Acrylic resin,,,•¸?_?‰,,,,,,,,,,,,,,,,,,,
G-BLK-3820Z,900,,õ—¿,ND,,,,,,,,,,,,,,,,,,,,,,,,,,,,,,,,,,,,,,,,,,
G-BLK-CA,800,,Šç—¿,ND,,,,,,,,,,,,,,,,,,,,,,,,,,,,,,,,,,,,,,,,,,
G-BLK-CT,800,,Šç—¿,ND,,,,,,,,,,,,,,,,,,,,,,,,,,,,,,,,,,,,,,,,,,
G-BLU-2606Z,900,õ—¿‰t,õ—¿,73018-43-6,,,,,,,,,,,,,,,,,,,,Copper_ [29H_31H-phthalocyaninetetrasulfonamidato(2-)-N29_N30_N31_N32]-_ N-(2-ethylhexyl and 3-methoxypropyl) derivs.,,,,,,,,,,,,,,,,,,,,,,
G-BLU-2625A,900,,õ—¿,ND,,,,,,,,,,,,,,,,,,,,,,,,,,,,,,,,,,,,,,,,,,
G-BLU-2680,900,ƒ\ƒ‹ƒxƒ“ƒg@ƒuƒ‹[|‚V‚O,õ—¿,12237-24-0,,,,,,,,,,,,,,,,,,,,Solvent Blue 70,,,,,,,,,,,,,,,,,,,,,,
G-BODON,1,¶Å´–h“Ü÷‰,±¸ØÙ÷‰,ND,,,,,,,,,,,,,,,,,,,,Acrylic resin,,,•¸?_?‰,,,,,,,,,,,,,,,,,,,
G-BP,700,ÍŞİ¿ŞÌªÉİ,ÍŞİ¿ŞÌªÉİ,119-61-9,,,1-403,0.01,,,,,,,,,,,,,,ÍŞİ¿ŞÌªÉİ,benzophenone,Benzophenone,,,“ñ?b?,3-1258 4-125,,1-456,‘æˆêí,‘æˆêí,,,,,,,,,,,,,,
G-BPA,4,ËŞ½ÌªÉ°ÙA,ËŞ½ÌªÉ°ÙA,80-05-7,,,1í(37),0.01,,,,,360,,,,,,,,,,,4,4'-(propane-2,2-diyl)diphenol,,,,,,,,,,,,,,,,,,,,
G-BUTANEDIOIC-ACID,600,2-ÄŞÃŞ¼ÙºÊ¸_,“Y‰ÁÜ,27859-58-1,,,,,,,,,,,,,,,,,,,,2-Dodecylsuccinic acid,,,,,,,,,,,,,,,,,,,,,,
G-BZ,1240,ÍŞİ¾Şİ,ÍŞİ¾Şİ,71-43-2,ŠY“–,0.001,1400,0.01,,,,,,,,,,,,,,ÍŞİ¾Şİ,benzene_ pure,Benzene,•Ê•\‘æ9‚Ì531,,?,,,,,,,,,,0.001,,,,,,,,,
G-BZO,700,ÍŞİ¿ŞÌªÉİ,ÍŞİ¿ŞÌªÉİ,119-61-9,,,1-403,0.01,,,,,,,,,,,,,,ÍŞİ¿ŞÌªÉİ,benzophenone,Benzophenone,,,“ñ?b?,3-1258 4-125,,1-456,‘æˆêí,‘æˆêí,,,,,,,,,,,,,,
G-C10H8N2O2,6,m-·¼ØÚİ¼Ş²¿¼±È°Ä,m-·¼ØÚİ¼Ş²¿¼±È°Ä,3634-83-1,,,,,,,,,,,,,,,,,,1_3·¼Úİ¼Ş²¿¼±È°Ä,1_3-bis(isocyanatomethyl)benzene,Polyisocyanate resin,,,ãÚ??_??‰,,,,,,,,,,,,,,,,,,,
G-C12,1000,Alkenes_C11-C13_C12-rich,—L‹@—nÜ,68526-58-9,,,,,,,,,,,,,,,,,,,,Alkenes_ C11-13_ C12-rich,,,,,,,,,,,,,,,,,,,,,,
G-C3H6O,1000,2-ÒÁÙµ·¼×İ,_‰»ÌßÛËßÚİ,75-56-9,ŠY“–,0.001,,,,,,,,,,,,,,,,,,2-Methyloxirane,•Ê•\‘æ9‚Ì194,,??•¸?,,,,,,,,,,0.001,,,,,,,,,
G-C4,1000,n-ÌŞÀİ,ÌŞÀİ,106-97-8,,,,,,,,,,,,,,,,,,ÌŞÀİ,n-butane,Butane,•Ê•\‘æ9‚Ì482,,³’š?,,,,,,,,,,,,,,,,,,,
G-C4H2O3,600,–³…ÏÚ²İ_,–³…ÏÚ²İ_,108-31-6,ŠY“–,0.001,,,,,,,,,,,,,,,,–³…ÏÚ²İ_,maleic anhydride,Furan-2_5-dione,•Ê•\‘æ9‚Ì554,,?—ˆ_?,,,,,,,,,,0.01,,,,,,,,,
G-C5,1000,n-ÍßİÀİ,ÍßİÀİ,109-66-0,,,,,,,,,,,,,,,,,,,,Pentane,•Ê•\‘æ9‚Ì543,,•è?,,,,,,,,,,,,,,,,,,,
G-C7,1000,n-ÍÌßÀİ,ÍÌßÀİ,142-82-5,,0.01,,,,,,,,,,,,,200,,,ÍÌßÀİ,n-heptane,Heptane,•Ê•\‘æ9‚Ì526,,M?,2-7,,1-442,,‘æˆêí,,,,,0.01,,,,,1206,3,HEPTANES,,20230417
G-C8,1000,µ¸Àİ,µ¸Àİ,111-65-9,,,,,,,,,,,,,,,,,,,,Octane,•Ê•\‘æ9‚Ì115,,h??,,,,,,,,,,,,,,,,,,,
G-C9,1000,n-ÉÅİ,ÉÅİ,111-84-2,,0.01,,,,,,,,,,,,,200,,,,,Nonane,•Ê•\‘æ9‚Ì432,,³p?,2-9,,2-081,,‘æ“ñí,,,,,0.01,,,,,1920,3,NONANES,,20230417
G-C-BLK,800,¶°ÎŞİÌŞ×¯¸,¶°ÎŞİÌŞ×¯¸,1333-86-4,ŠY“–,0.001,,,,,,,,,,,,,,,1,¶°ÎŞİÌŞ×¯¸,carbon black,Carbon black,•Ê•\‘æ9‚Ì130,,’YüK,,,,,,,,,,0.01,,,,,1361,4.2,CARBON  animal or vegetable origin,,20230425
G-CELLU-ACE-BUT,800,|_—_¾ÙÛ°½,¾ÙÛ°½—Ş,9004-36-8,,,,,,,,,,,,,,,,,,,,Cellulose_ acetate butanoate,,,??‘fC‰³_’š_?,,,,,,,,,,,,,,,,,,,
G-CF110,600,CERAFAC 110,“Y‰ÁÜ,ND,,,,,,,,,,,,,,,,,,,,Additive,,´ÁÚİ|_ËŞÆÙºÎßØÏ°(EVA)ºÎßØÏ°Ü¯¸½ÃŞ¨½Êß°¼Ş®İ,“Y‰Á?,,,,,,,,,,,,,,,,,,,
G-CH,1000,¼¸ÛÍ·»İ,¼¸ÛÍ·»İ,110-82-7,ŠY“–,0.01,,,,,,,,,,,,,150,,,¼¸ÛÍ·»İ,cyclohexane,Cyclohexane,•Ê•\‘æ9‚Ì232,,?ŒÈ?,3-2233,—Dæ•]‰¿‰»Šw•¨¿,1-176,,‘æˆêí,,,,,0.01,,,,,1145,3,CYCLOHEXANE,2902.11,20230508
G-CH2O,1000,ÎÙÑ±ÙÃŞËÄŞ,ÎÙÑ±ÙÃŞËÄŞ,50-00-0,ŠY“–,0.001,1-411,0.01,,,,,,,,,,,0.1,,,ÎÙÑ±ÙÃŞËÄŞ,formaldehyde,Formaldehyde,•Ê•\‘æ9‚Ì548,,b?,2-482,—Dæ•]‰¿‰»Šw•¨¿,1-464,“Á’è‘æˆêí,“Á’è‘æˆêí,‘æ“ñ—Ş•¨¿,•Ê•\‘æ3‘æ2†31‚Ì2,0.01,0.1ppm,0.001,,,­—ßEŒ€•¨,­—ß‘æ2ğ‘æ1€‘æ97†,1198,3,FORMALDEHYDE SOLUTION  FLAMMABLE,2912.11,20230508
G-CHCL3,1000,¸ÛÛÎÙÑ,¸ÛÛÎÙÑ,67-66-3,ŠY“–,0.001,1-127,0.01,,,,,,,,,,,3,,,¸ÛÛÎÙÑ,chloroform,Chloroform,•Ê•\‘æ9‚Ì160,,O?b?,2-37,—Dæ•]‰¿‰»Šw•¨¿,1-151,‘æˆêí,‘æˆêí,‘æ“ñ—Ş•¨¿,•Ê•\‘æ3‘æ2†11‚Ì2,0.01,3ppm,0.01,,,–@—¥EŒ€•¨,–@—¥•Ê•\‘æ2‚Ì20,1888,6.1,CHLOROFORM,2903.13,20230508
G-CH-E-1193,2,±Ù·ÃŞ¨± CH-E-1193,ÎßØ´½ÃÙŒn÷‰,ND,,,,,,,,,,,,,,,,,,,,Acrylic resin,,,•¸?_?‰,,,,,,,,,,,,,,,,,,,
G-CHTU-5101,1,CHTU-5101,±¸ØÙ÷‰,ND,,,,,,,,,,,,,,,,,,,,Acrylic resin,,,•¸?_?‰,,,,,,,,,,,,,,,,,,,
G-CK-514,9,,–û•Ï«³ÚÀİ÷‰,ND,,,,,,,,,,,,,,,,,,,,Oil-modified urethane resin,,,–û‰ü«“IãÚ???‰,,,,,,,,,,,,,,,,,,,
G-CO-6P,500,ºÊŞÙÄ‹y‚Ñ‚»‚Ì‰»‡•¨,ºÊŞÙÄ‹y‚Ñ‚»‚Ì‰»‡•¨,61789-51-3,,,1í(132),0.01,52,,,,,,,,,100,,,1,ÅÌÃİ_ºÊŞÙÄ,naphthenic acid_ cobalt salt,Naphthenic acids_ cobalt salts,•Ê•\‘æ9‚Ì172,,??_?,,,,,,,,,,,,,,,,,,,
G-CO-NA-6P,500,ºÊŞÙÄ‹y‚Ñ‚»‚Ì‰»‡•¨,ºÊŞÙÄ‹y‚Ñ‚»‚Ì‰»‡•¨,61789-51-3,,,1í(132),0.01,52,,,,,,,,,100,,,1,ÅÌÃİ_ºÊŞÙÄ,naphthenic acid_ cobalt salt,Naphthenic acids_ cobalt salts,,,??_?,,,,,,,,,,,,,,,,,,,
G-CR3,900,¸ÛÑ‹y‚Ñ‚»‚Ì‰»‡•¨,¸ÛÑ‹y‚Ñ‚»‚Ì‰»‡•¨,32517-36-5,,,1í(87),0.01,,,,,,,,,,,,,,,,Chromium triacetate,•Ê•\‘æ9‚Ì142,,?‹y‘´‰»‡•¨,,,,,,,,,,,,,,,,,,,
G-COPOLY,1,±¸ØÙŒnºÎßØÏ°,±¸ØÙ÷‰,25085-34-1,,,,,,,,,,,,,,,,,,,,Acrylic resin,,,•¸?_?‰,,,,,,,,,,,,,,,,,,,
G-CU-COM,600,“º‰»‡•¨,“º‹y‚Ñ‚»‚Ì‰»‡•¨,ND,,,,,,,,,,,,,,,,,,,,Copper and its compounds,•Ê•\‘æ9‚Ì379,,?‹y‘´‰»‡•¨,,,,,,,,,,,,,,,,,,,
G-CZ122RED-3,800,ÍŞØÚİŒnŠç—¿,Šç—¿,5521-31-3,,,,,,,,,,,,,,,,,,,,2_9-dimethylanthra[2_1_9-def:6_5_10-d'e'f']diisoquinoline-1_3_8_10(2H_9H)-tetrone,,ÍßØÚİŒnŠç—¿,?F‘f,,,,,,,,,,,,,,,,,,,
G-CZ9102RED-3,800,NSP-CZ9102RED,Šç—¿,ND,,,,,,,,,,,,,,,,,,,,,,,,,,,,,,,,,,,,,,,,,,
G-CZ9170MAG-3,800,NSP-CZ9170MAGENTA,Šç—¿,ND,,,,,,,,,,,,,,,,,,,,Pigment magenta,,·Å¸ØÄŞİŒnŠç—¿,?—¿—m?F,,,,,,,,,,,,,,,,,,,
G-CZ9320YEL-3,800,NSP-CZ9320YELLOW,Šç—¿,ND,,,,,,,,,,,,,,,,,,,,Pigment yellow,,²¿²İÄŞØİŒnŠç—¿,‰©F?—¿,,,,,,,,,,,,,,,,,,,
G-CZ9650BLU-3,800,NSP-CZ9650BLUE,Šç—¿,ND,,,,,,,,,,,,,,,,,,,,,,,,,,,,,,,,,,,,,,,,,,
G-CZ9664BLU-3,800,NSP-CZ9664BLUE,Šç—¿,ND,,,,,,,,,,,,,,,,,,,,,,,,,,,,,,,,,,,,,,,,,,
G-D-120-50,2,,ÎßØ´½ÃÙŒn÷‰,ND,,,,,,,,,,,,,,,,,,,,Polyester resin,,,ãÚ??‰,,,,,,,,,,,,,,,,,,,
G-D-131N,6,À¹È°Ä D-131N,ÎßØ²¿¼±È°Ä÷‰,ND,,,,,,,,,,,,,,,,,,,,Polyisocyanate resin,,,ãÚ??_??‰,,,,,,,,,,,,,,,,,,,
G-D-15,500,,d‰»Ü,ND,,,,,,,,,,,,,,,,,,,,,,,d‰»?,,,,,,,,,,,,,,,,,,,
G-D-150-70,2,,ÎßØ´½ÃÙŒn÷‰,ND,,,,,,,,,,,,,,,,,,,,Polyester resin,,,ãÚ??‰,,,,,,,,,,,,,,,,,,,
G-D-310,1,±¸ØÚ°Ä÷‰,±¸ØÙ÷‰,83045-04-9,,,,,,,,,,,,,,,,,,,,2-[[3-[(1-oxoallyl)oxy]-2_2-bis[[(1-oxoallyl)oxy]methyl]propoxy]methyl]-2-[(1-oxopropoxy)methyl]-1_3-propanediyl diacrylate,,2_2'-[µ·¼ËŞ½(ÒÁÚİ)]ËŞ½[2-(ËÄŞÛ·¼ÒÁÙ)-1_3-ÌßÛÊßİ¼Şµ°Ù]‚Ì’á‹‰‰–b_(C=2~8)´½ÃÙ,•¸?_?‰,,,,,,,,,,,,,,,,,,,
G-D-370N,6,½ÀËŞµ D-370N,ÎßØ²¿¼±È°Ä÷‰,ND,,,,,,,,,,,,,,,,,,,,Polyisocyanate resin,,,ãÚ??_??‰,,,,,,,,,,,,,,,,,,,
G-D5-270-N,2,D5-270-N,ÎßØ´½ÃÙŒn÷‰,ND,,,,,,,,,,,,,,,,,,,,Polyester resin,,,ãÚ??‰,,,,,,,,,,,,,,,,,,,
G-D-750,6,,ÎßØ²¿¼±È°Ä÷‰,ND,,,,,,,,,,,,,,,,,,,,Polyisocyanate resin,,,ãÚ??_??‰,,,,,,,,,,,,,,,,,,,
G-D-800,6,,ÎßØ²¿¼±È°Ä÷‰,ND,,,,,,,,,,,,,,,,,,,,Polyisocyanate resin,,,ãÚ??_??‰,,,,,,,,,,,,,,,,,,,
G-DAA,1130,¼Ş±¾Äİ±Ùº°Ù,¼Ş±¾Äİ±Ùº°Ù,123-42-2,ŠY“–,0.001,,,61,603,1.8,6.9,167.9,0.2,4,0.1,50,50,,4000,1,¼Ş±¾Äİ±Ùº°Ù,diacetonealcohol,Diacetone alcohol,•Ê•\‘æ9‚Ì202,,“ñ•¸?†,,,,,,,,,,0.01,,,,,,,,,
G-DCM,1000,¼Ş¸ÛÛÒÀİ,¼Ş¸ÛÛÒÀİ,75-9-2,ŠY“–,0.001,1í(186),0.01,,,,,,,,,,,,,,¼Ş¸ÛÛÒÀİ,dichloromethane,Dichloromethane,,,“ñ?b?,,,,,,,,,,0.01,,,,,,,,,
G-DCPD,20,¼Ş¼¸ÛÍßİÀ¼Ş´İ,¼Ş¼¸ÛÍßİÀ¼Ş´İ,77-73-6,ŠY“–,0.01,1-190,,,,,,,,,,,,,,,,,Tricyclo[5.2.1.0(2_6)]deca-3_8-diene,•Ê•\‘æ9‚Ì261,,‘o?•è“ñ?,4-634,—Dæ•]‰¿‰»Šw•¨¿,1-217,‘æˆêí,‘æˆêí,,,,,0.01,,,,,2048,3,DICYCLOPENTADIENE,,20230508
G-DDSA,500,3-ÄŞÃŞ¾ÆÙ–³…ºÊ¸_,d‰»Ü,26544-38-7,,,,,,,,,,,,,,,,,,,,3-(Tetrapropenyl)oxolane-1_5-dione,,,d‰»?,,,,,,,,,,,,,,,,,,,
G-DETX-S,700,¼Ş´ÁÙÁµ·»İÄİ,Œõd‡ŠJnÜ,82799-44-8,,,,,,,,,,,,,,,,,,,,2_4-diethyl-9H-thioxanthen-9-one,,,“Y‰Á?,,,,,,,,,,,,,,,,,,,20230417
G-DIALKYL-PHTALATE,1000,ÌÀÙ_¼Ş±Ù·Ù_C9`11,“Y‰ÁÜ,ND,,,,,,,,,,,,,,,,,,,,Dialkyl phthalate,,,??“ñb_“ñ?Šî?,,,,,,,,,,,,,,,,,,,
G-DIBK,1050,¼Ş²¿ÌŞÁÙ¹Äİ,¼Ş²¿ÌŞÁÙ¹Äİ,108-83-8,ŠY“–,0.01,,,49,396,0.8,6.2,168,0.23,4.9,0.2,50,25,,5750,1,¼Ş²¿ÌŞÁÙ¹Äİ,di isobutyl ketone,Diisobutyl ketone,•Ê•\‘æ9‚Ì217,,“ñ?’šŠî?,2-2475,,,,,,,,,0.01,,,,,1157,3,DIISOBUTYL KETONE,,20230425
G-DIC-HYDROCARBON,1900,’Y‰»…‘f(DIC),—L‹@—nÜ,ND,,,,,,,,,,,,,,,,,,,,,,,,,,,,,,,,,,,,,,,,,,
G-DIISONONYLPHTHALATE,600,ÌÀÙ_¼Ş²¿ÉÆÙ,“Y‰ÁÜ,28553-12-0,,,,,,,,,,,,,,,,,,,,Diisononyl phthalate,,ƒtƒ^ƒ‹_ƒWƒmƒjƒ‹,??“ñb_“ñ?p?,,,,,,,,,,,,,,,,,,,
G-DI-PN,500,½½Ş‹y‚Ñ‚»‚Ì‰»‡•¨,½½Ş‹y‚Ñ‚»‚Ì‰»‡•¨,2781-10-4,,,1í(239),0.01,,,,,,,,,,,,,,,,Dibutyltin bis(2-ethylhexanoate),•Ê•\‘æ9‚Ì322,,?‹y‘´‰»‡•¨,,,,,,,,,,,,,,,,,,,
G-D-127N,6,D-127N,ÎßØ²¿¼±È°Ä÷‰,ND,,,,,,,,,,,,,,,,,,,,Polyisocyanate resin,,,ãÚ??_??‰,,,,,,,,,,,,,,,,,,,
G-DIS1711,600,DIS1711,“Y‰ÁÜ,ND,,,,,,,,,,,,,,,,,,,,Additive,,,,,,,,,,,,,,,,,,,,,,
G-DIS1952,600,DIS1952,“Y‰ÁÜ,ND,,,,,,,,,,,,,,,,,,,,Additive,,,,,,,,,,,,,,,,,,,,,,
G-DIS2150,600,,“Y‰ÁÜ,ND,,,,,,,,,,,,,,,,,,,,Additive,,,,,,,,,,,,,,,,,,,,,,
G-DIS-501,600,,“Y‰ÁÜ,ND,,,,,,,,,,,,,,,,,,,,Additive,,,,,,,,,,,,,,,,,,,,,,
G-DIS503,600,,“Y‰ÁÜ,ND,,,,,,,,,,,,,,,,,,,,Additive,,,,,,,,,,,,,,,,,,,,,,
G-DL-967,1,,±¸ØÙ÷‰,ND,,,,,,,,,,,,,,,,,,,,Acrylic resin,,,•¸?_?‰,,,,,,,,,,,,,,,,,,,
G-DMBI,700,3-ÒÁÙÌŞÀİ-1-²Ù=4-(¼ŞÒÁÙ±ĞÉ)ÍŞİ¿Ş±°Ä,Œõd‡ŠJnÜ,21245-01-2,,,,,,,,,,,,,,,,,,,,3-Methylbutan-1-yl 4-(dimethylamino)benzoate,,,,,,,,,,,,,,,,,,,,,,
G-DN-980,6,DN-980,ÎßØ²¿¼±È°Ä÷‰,ND,,,,,,,,,,,,,,,,,,,,Polyisocyanate resin,,,ãÚ??_??‰,,,,,,,,,,,,,,,,,,,
G-DPCA-120,1,ƒÃ-¶ÌßÛ×¸Äİ•Ï«¼ŞÍßİÀ´Ø½ØÄ°Ù±¸ØÚ°Ä,±¸ØÙ÷‰,89800-10-2,,,,,,,,,,,,,,,,,,,,2-Oxepanone_ homopolymer_ ester with 2_2'-[oxybis(methylene)]bis[2-(hydroxymethyl)-1_3-propanediol]_ 2-propenoate,,,•¸?_?‰,,,,,,,,,,,,,,,,,,,
G-DPGME,1000,¼ŞÌßÛËßÚİ¸ŞØº°ÙÓÉÒÁÙ´°ÃÙ,¼ŞÌßÛËßÚİ¸ŞØº°ÙÓÉÒÁÙ´°ÃÙ,34590-94-8,ŠY“–,0.01,,,,,,,,,,,,,,,,1-{2-ÒÄ·¼-2-ÒÁÙ´Ä·¼}-2-ÌßÛÊßÉ°Ù,dipropyleneglycol monomethyl ether,dipropyleneglycol monomethyl ether,•Ê•\‘æ9‚Ì601,,“ñ•¸“ñ†?b?,2-426 7-97,,,,,,,,,0.01,,,,,,,,,20230425
G-DPHA,1,,±¸ØÙ÷‰,ND,,,,,,,,,,,,,,,,,,,,Acrylic resin,,,•¸?_?‰,,,,,,,,,,,,,,,,,,,
G-DPHA-5,1,¼ŞÍßİÀ´Ø½ØÄ°ÙÍßİÀ±¸ØÚ°Ä,±¸ØÙ÷‰,60506-81-2,,,,,,,,,,,,,,,,,,¼ŞÍßİÀ´Ø½ØÄ°ÙÍßİÀ±¸ØÚ°Ä,dipentaerythritol penta acrylate,Dipentaerythritol pentaacrylate,,,ãÚ“ñ‹G•èl†ŒÜ•¸?_?,,,,,,,,,,,,,,,,,,,20230417
G-DPHA-6,1,¼ŞÍßİÀ´Ø½ØÄ°ÙÍ·»±¸ØÚ°Ä,±¸ØÙ÷‰,29570-58-9,,,,,,,,,,,,,,,,,,¼ŞÍßİÀ´Ø½ØÄ°ÙÍ·»±¸ØÚ°Ä,dipentaerythritol hexacrylate,Dipentaerythritol hexaacrylate,,,ãÚ“ñ‹G•èl†˜Z•¸?_?,7-708,,,,,,,,,,,,,,,,,,20230417
G-DX-530,5,ÎßØÌßÛËßÚİ‰–‘f‰»•¨,–§’…•t—^÷‰,68442-33-1,,,,,,,,,,,,,,,,,,‰–‘f‰»ÎßØÌßÛËßÚİ÷‰,,1-Propene_ homopolymer_ chlorinated,,,?‰»ãÚ•¸?,,,,,,,,,,,,,,,,,,,
G-E-14-1000,600,,“Y‰ÁÜ,ND,,,,,,,,,,,,,,,,,,,,,,,,,,,,,,,,,,,,,,,,,,
G-E-ACRY,1000,±¸ØÙ_´ÁÙ,±¸ØÙ_´ÁÙ,140-88-5,ŠY“–,0.001,1í(3),0.01,,,,,,,,,,,,,,±¸ØÙ_´ÁÙ,ethylacrylate,Ethyl acrylate,•Ê•\‘æ9‚Ì3,,•¸?_‰³?,,,,,,,,,,0.01,,,,,,,,,
G-EBE150,1,±¸ØÚ°Ä÷‰,±¸ØÙ÷‰,64401-02-1,,,,,,,,,,,,,,,,,,,,Poly(oxy-1_2-ethanediyl)_ .alpha._.alpha.'-[(1-methylethylidene)di-4_1-phenylene]bis[.omega.-[(1-oxo-2-propen-1-yl)oxy]-,,EO•Ï«ËŞ½ÌªÉ°ÙA¼Ş±¸ØÚ°Ä,•¸?_?‰,,,,,,,,,,,,,,,,,,,
G-EB-SOL,1100,´ÁÚİ¸ŞØº°ÙÓÉ-ÉÙÏÙ-ÌŞÁÙ´°ÃÙ,´ÁÚİ¸ŞØº°ÙÓÉ-ÉÙÏÙ-ÌŞÁÙ´°ÃÙ,111-76-2,ŠY“–,0.001,,,67.5,244,1.1,10.6,171.2,0.1,4.1,0.06,,25,20,1400,1,´ÁÚİ¸ŞØº°ÙÓÉÌŞÁÙ´°ÃÙ,2-butoxyethanol,2-Butoxyethanol,•Ê•\‘æ9‚Ì79,,‰³“ñ†?’š?,7-97 2-407 2-2424,—Dæ•]‰¿‰»Šw•¨¿,1-077,,‘æˆêí,,,,25ppm,0.01,‘æ“ñí—L‹@—nÜ“™,8,,,2810,6.1,TOXIC LIQUID  ORGANIC  N.O.S.,2909.43,20230417
G-EBZ,1020,´ÁÙÍŞİ¾Şİ,´ÁÙÍŞİ¾Şİ,100-41-4,ŠY“–,0.001,1-53,0.01,,,,,,,,,,,20,,,´ÁÙÍŞİ¾Şİ,ethylbenzene,Ethylbenzene,•Ê•\‘æ9‚Ì70,,‰³Šî?,3-28 3-60,—Dæ•]‰¿‰»Šw•¨¿,1-073,‘æˆêí,‘æˆêí,‘æ“ñ—Ş•¨¿,•Ê•\‘æ3‘æ2†3‚Ì3,0.01,20ppm,0.001,,,,,1175,3,ETHYLBENZENE,2902.6,20230417
G-EC,800,´ÁÙ¾ÙÛ°½,´ÁÙ¾ÙÛ°½,9004-57-3,,,,,,,,,,,,,,,,,,´ÁÙ¾ÙÛ°½,ethylcellulose,Cellulose_ ethyl ether,,,‰³Šî??‘f,,,,,,,,,,,,,,,,,,,
G-EC6071,1,ETERCURE 6071,±¸ØÙ÷‰,ND,,,,,,,,,,,,,,,,,,,,,,,,,,,,,,,,,,,,,,,,,,
G-EC6185,1,ETERCURE 6185,±¸ØÙ÷‰,ND,,,,,,,,,,,,,,,,,,,,Acrylic resin,,,•¸?_?‰,,,,,,,,,,,,,,,,,,,
G-EC6315,1,ETERCURE 6315,±¸ØÙ÷‰,ND,,,,,,,,,,,,,,,,,,,,Acrylic resin,,,•¸?_?‰,,,,,,,,,,,,,,,,,,,
G-EC6349,1,ETERCURE6349,ÎßØ´½ÃÙ÷‰,ND,,,,,,,,,,,,,,,,,,,,,,,•¸?_?‰,,,,,,,,,,,,,,,,,,,
G-ECA,1140,¾Û¿ÙÌŞ±¾Ã°Ä,´ÁÚİ¸ŞØº°ÙÓÉ´ÁÙ´°ÃÙ±¾Ã°Ä,111-15-9,ŠY“–,0.001,1-133,0.01,56,379,1.2,12.7,156.3,0.2,4.7,0.2,,5,5,2900,1,´ÁÚİ¸ŞØº°ÙÓÉ´ÁÙ´°ÃÙ±¾Ã°Ä,2-ethoxyethyl acatate,2-Ethoxyethyl acetate,•Ê•\‘æ9‚Ì78,,‰³“ñ†‰³?çÊ_?,2-740,,1-157,‘æˆêí,‘æˆêí,,,,5ppm,0.003,‘æ“ñí—L‹@—nÜ“™,7,,,1172,3,ETHYLENE GLYCOL MONOETHYL ETHER ACETATE Ql˜a–ó ƒGƒ`ƒŒƒ“ƒOƒŠƒR[ƒ‹ƒ‚ƒmƒGƒ`ƒ‹ƒG[ƒeƒ‹ƒAƒZƒe[ƒg UN—eŠí“™‹‰ III,,
G-EC-A,1,´ÁÙ¶ÙËŞÄ°Ù±¸ØÚ°Ä,±¸ØÙ÷‰,7328-17-8,,,,,113,,,,,,,,,,,,1,,,2-(2-ethoxyethoxy)ethyl acrylate,,,•¸?_?‰,,,,,,,,,,,,,,,,,,,
G-ECH,1000,´ÁÙ¼¸ÛÍ·»İ,—L‹@—nÜ,1678-91-7,,,,,19,253,0.9,6.6,132,1,3.87,1.45,,,,47400,1,´ÁÙ¼¸ÛÍ·»İ,ethylcyclohexane,Ethyl cyclohexane,,,‰³Šî?ŒÈ?,,,,,,,,,,,,,,,,,,,
G-EF-802,600,,“Y‰ÁÜ,ND,,,,,,,,,,,,,,,,,,,,,,,,,,,,,,,,,,,,,,,,,,
G-EGMPE,1000,´ÁÚİ¸ŞØº°ÙÓÉÌßÛËßÙ´°ÃÙ(ÌßÛËßÙ¾Û¿ÙÌŞ¿ÙÍŞİÄ),—L‹@—nÜ,2807-30-9,,,,,,,,,150,,,,,,,,,,,2-Propoxyethanol,,,,,,,,,,,,,,,,,,,,,,
G-EHPB,600,2-´ÁÙÍ·»İ-1-²Ù=4-ËÄŞÛ·¼ÍŞİ¿Ş±°Ä,“Y‰ÁÜ,5153-25-3,,,,,,,,,,,,,,,,,,,,2-Ethylhexan-1-yl 4-hydroxybenzoate,,,2-‰³ŠîŒÈ-1-Šî4-?Šî?b_?,,,,,,,,,,,,,,,,,,,
G-EL-4501-50,2,,ÎßØ´½ÃÙŒn÷‰,ND,,,,,,,,,,,,,,,,,,,,Polyester resin,,,ãÚ??‰,,,,,,,,,,,,,,,,,,,
G-EL-4508-70,2,,ÎßØ´½ÃÙŒn÷‰,ND,,,,,,,,,,,,,,,,,,,,Polyester resin,,,ãÚ??‰,,,,,,,,,,,,,,,,,,,
G-EMA705,600,´Ä·¼‰»sec-±Ùº°Ù(c=11~15),“Y‰ÁÜ,68131-40-8,,,,,,,,,,,,,,,,,,,,Ethoxylated sec-alcohols(C=11-15),,´Ä·¼‰»sec-±Ùº°Ù(c=11~15),‰³?Šî‰»’‡†(C=11~15),,,,,,,,,,,,,,,,,,,
G-EOH,1000,´ÀÉ°Ù,´ÀÉ°Ù,64-17-5,ŠY“–,0.001,,,14,439,3.3,19,78.32,5.878,1.59,,,1000,400,7060,,´ÀÉ°Ù,ethanol,Ethanol,•Ê•\‘æ9‚Ì61,,‰³†,,,,,,,,,,0.001,,,,,,,,,
G-EPX-SOY-OIL,600,´Îß·¼‰»‘å“¤–û,“Y‰ÁÜ,8013-07-8,,,,,,,,,,,,,,,,,,´Îß·¼‰»‘å“¤–û,epoxidized soybean oil,Soybean oil_ epoxidized,,,??‘å“¤–û,,,,,,,,,,,,,,,,,,,
G-ES-6505-70,2,,ÎßØ´½ÃÙŒn÷‰,ND,,,,,,,,,,,,,,,,,,,,Polyester resin,,,ãÚ??‰,,,,,,,,,,,,,,,,,,,
G-ESACURE-KB1,700,2_2-¼ŞÒÄ·¼-2-Ì´ÆÙ±¾ÄÌ´Éİ,Œõd‡ŠJnÜ,24650-42-8,,,,,,,,,,,,,,,,,,2_2-¼ŞÒÄ·¼-1_2- ¼ŞÌªÆÙ´Àİ-1- µİ,2_2-dimethoxy-1_2-dihenylethan-1-one,2_2-Dimethoxy-2-phenylacetophenone,,2_2-¼ŞÒÄ·¼-2-Ì´ÆÙ±¾ÄÌ´Éİ,2_2-“ñb?Šî-?Šî‰³?,,,,,,,,,,,,,,,,,,,
G-ETB,1000,´ÁÚİ¸ŞØº°ÙÓÉÀ°¼¬ØÌŞÁÙ´°ÃÙ,—L‹@—nÜ,7580-85-0,,,,,55,440,0.6,10.5,152.5,0.2,,0.19,,,,800,1,´ÁÚİ¸ŞØº°ÙÓÉÀ°¼¬ØÌŞÁÙ´°ÃÙ,2-t-butoxy ethanol,2-tert-butoxyethanol,,2-tert-ÌŞÄ·¼´ÀÉ°Ù,‰³“ñ†?f’š?,2-2424,,1-416,,‘æˆêí,,,,,,,,,,,,,,
G-EZ-5010-70E,2,,ÎßØ´½ÃÙŒn÷‰,ND,,,,,,,,,,,,,,,,,,,,Polyester resin,,,ãÚ??‰,,,,,,,,,,,,,,,,,,,
G-F-225P,5,‰–‘f‰»”½‰¶¬•¨,–§’…•t—^÷‰,560096-07-3,,,,,,,,,,,,,,,,,,,,Polymer of but-1-ene/ethene/3-chloroprop-1-ene(tetrahydro-2_5-dioxo-3-furanyl-terminated),,(´Ãİ¥ÌŞÀ-1-´İ¥ÌßÛÍßİ‹¤d‡•¨‚Ì–³…ÏÚ²İ_•t‰Á•¨)‚Ì‰–‘f‰»”½‰¶¬•¨,”S’…?‰,,,,,,,,,,,,,,,,,,,
G-F-562,600,Ò¶ŞÌ§¯¸F-562,“Y‰ÁÜ,ND,,,,,,,,,,,,,,,,,,,,,,,,,,,,,,,,,,,,,,,,,,
G-F-565,600,Ò¶ŞÌ§¯¸F-565,“Y‰ÁÜ,ND,,,,,130,,,,,,,,,,,,,,,,,,,,,,,,,,,,,,,,,,,,,
G-F-569,600,Ò¶ŞÌ§¯¸F-569,“Y‰ÁÜ,ND,,,,,198,,,,,,,,,,,,,,,,,,,,,,,,,,,,,,,,,,,,,
G-FA-341,6000,,‰Á‚µÜ,ND,,,,,,,,,,,,,,,,,,,,,,,,,,,,,,,,,,,,,,,,,,
G-FATTYACIDESTER,600,‰–b_´½ÃÙ,“Y‰ÁÜ,ND,,,,,,,,,,,,,,,,,,,,Fatty acid ester,,‰–b_´½ÃÙ,‰–b_?,,,,,,,,,,,,,,,,,,,
G-FTX-218,600,FTX-218,“Y‰ÁÜ,ND,,,,,160,,,,,,,,,,,,,,,,,,,,,,,,,,,,,,,,,,,,,
G-FZ-T60B,14,±ÙĞÆ³ÑÍß°½ÄF.Z-T60b,±ÙĞŠç—¿,7429-90-5,ŠY“–,0.01,,,,,,,,,,,,,,,,±ÙĞÆ³Ñ,aluminium,Aluminum,•Ê•\‘æ9‚Ì37,,??—¿,,,,,,,,,,0.01,,,,,1309,4.1,ALUMINIUM POWDER  COATED,,20230508
G-G-2000,11,ÎßØÌŞÀ¼Ş´İ÷‰,ÎßØÌŞÀ¼Ş´İ÷‰,69102-90-5,,,,,,,,,,,,,,,,,,,,Hydroxyterminated polymer of buta-1_3-diene,,ËÄŞÛ·¼––’[‰»ÌŞÀ-1_3-¼Ş´İd‡•¨,ãÚ’š“ñ??‰,,,,,,,,,,,,,,,,,,,
G-G-3000,11,ÎßØÌŞÀ¼Ş´İ÷‰,ÎßØÌŞÀ¼Ş´İ÷‰,69102-90-5,,,,,,,,,,,,,,,,,,,,Hydroxyterminated polymer of buta-1_3-diene,,ËÄŞÛ·¼––’[‰»ÌŞÀ-1_3-¼Ş´İd‡•¨,ãÚ’š“ñ??‰,,,,,,,,,,,,,,,,,,,
G-G-3000-EX,5,,–§’…•t—^÷‰,ND,,,,,,,,,,,,,,,,,,,,Adhesion imparting resin,,,”S’…?‰,,,,,,,,,,,,,,,,,,,
G-GE-650,1,2-ËÄŞÛ·¼ÌßÛÊßİ-1-²Ù=ÒÀ¸Ø×°Ä,±¸ØÙ÷‰,923-26-2,,,,,,,,,,,,,,,,,,ÒÀ¸ØÙ_2-ËÄŞÛ·¼ÌßÛËßÙ,2-hydroxypropyl methacrylate,2-Hydroxypropan-1-yl methacrylate,,2-ËÄŞÛ·¼ÌßÛÊßİ-1-²Ù=ÒÀ¸Ø×°Ä,bŠî•¸?_2-?Šî•¸?,,,,,,,,,,,,,,,,,,,
G-GEA,600,¼Ş´ÀÉ°Ù±Ğİ,¼Ş´ÀÉ°Ù±Ğİ,111-42-2,ŠY“–,0.001,,,,,,,,,,,,,,,,¼Ş´ÀÉ°Ù±Ğİ,diethanolamine,diethanolamine,,,“ñ‰³†?,,,,,,,,,,0.01,,,,,,,,,
G-GG,800,,Šç—¿,ND,,,,,,,,,,,,,,,,,,,,,,,,,,,,,,,,,,,,,,,,,,
G-GG-KASO,600,´Îß·¼‰»‘å“¤–û,“Y‰ÁÜ,8013-07-8,,,,,,,,,,,,,,,,,,´Îß·¼‰»‘å“¤–û,epoxidized soybean oil,Soybean oil_ epoxidized,,,??‘å“¤–û,,,,,,,,,,,,,,,,,,,
G-GG-POLYMER,7,¸ÛÛ´Ãİ¥´ÃÉ°Ù¥ËŞÆÙ=±¾À°Äd‡•¨,ËŞÆÙ÷‰,25086-48-0 ,,,,,,,,,,,,,,,,,,,,Polymer of chloroethene / ethenol / vinyl acetate,,¸ÛÛ´Ãİ¥´ÃÉ°Ù¥ËŞÆÙ=±¾À°Äd‡•¨,‰³?Šî?‰,,,,,,,,,,,,,,,,,,,
G-GL-03,600,GL-03,“Y‰ÁÜ,ND,,,,,,,,,,,,,,,,,,,,,,,,,,,,,,,,,,,,,,,,,,
G-GM66G0H,1,±¸ØÚ°Ä÷‰,±¸ØÙ÷‰,60506-81-2,,,,,,,,,,,,,,,,,,¼ŞÍßİÀ´Ø½ØÄ°ÙÍßİÀ±¸ØÚ°Ä,dipentaerythritol penta acrylate,Acrylic resin,,,ãÚ“ñ‹G•èl†ŒÜ•¸?_?,,,,,,,,,,,,,,,,,,,20230417
G-GQ-1000,11,,ÎßØÌŞÀ¼Ş´İ÷‰,ND,,,,,,,,,,,,,,,,,,,,Polybutadiene resin,,,ãÚ’š“ñ??‰,,,,,,,,,,,,,,,,,,,
G-GS-30,600,,“Y‰ÁÜ,ND,,,,,,,,,,,,,,,,,,,,,,,,,,,,,,,,,,,,,,,,,,
G-H-1/8NC,13,ÆÄÛ¾ÙÛ°½Ş,ÆÄÛ¾ÙÛ°½Ş,9004-70-0,ŠY“–,0,,,,,,,,,,,,,,,,É‰»–È,cellulose nitrate,Cellulose_ nitrate,•Ê•\‘æ9‚Ì424,,É_??‘f,8-176,,,,,,,,,0,,,,,340,1.1,NITROCELLULOSE  dry or wetted with less than 25% water (or alcohol)  by mass,,
G-H3PO4,1000,Øİ_,Øİ_,7664-38-2,ŠY“–,0.01,,,,,,,,,,,,,,,,‚è‚ñ_,phosphoric acid,Phosphoric acid,•Ê•\‘æ9‚Ì618,,?_,1-422,,,,,,,,,0.01,,,,,1805,8,PHOSPHORIC ACID  SOLUTION,2809.2,
G-HA-CO,500,ºÊŞÙÄ‹y‚Ñ‚»‚Ì‰»‡•¨,ºÊŞÙÄ‹y‚Ñ‚»‚Ì‰»‡•¨,136-52-7,,0.001,1-132,0.01,,,,,,,,,,,,,,2-´ÁÙÍ·»İ_ºÊŞÙÄ,cobalt bis(2-ethylhexanoate),Hexanoic acid_ 2-ethyl-_ cobalt (2+) salt,•Ê•\‘æ9‚Ì172,2-´ÁÙÍ·»İ_ºÊŞÙÄ(II),2-‰³ŠîŒÈ_?,2-615,,1-156,‘æˆêí,‘æˆêí,,,,,0.001,,,,,,,,,20230417
G-HALS,600,HALS(kari),“Y‰ÁÜ,ND,,,,,,,,,,,,,,,,,,,,,,,,,,,,,,,,,,,,,,,,,,
G-HAWS,1062,Î–ûÅÌ»,—L‹@—nÜ,64742-82-1,,,,,46,250,1.4,7.6,160,,,,,,,,1,,,Naphtha (petroleum)_ hydrodesulfurised heavy,,,,,,,,,,,,,,,,,,,,,,20230417
G-HEAVY-CATAL,1060,Î–ûÅÌ»,—L‹@—nÜ,64741-68-0,,,,,46.1,,,,,,,,,,,4800,1,,,Naphtha (petroleum)_ heavy catalytic reformed,,,,,,,,,,,,,,,,,,,,,,
G-HGA-3,12,ÎßØ¼Û·»İ—n‰t,¼Øºİ÷‰,ND,,,,,,,,,,,,,,,,,,,,Silicon resin,,,áé?‰,,,,,,,,,,,,,,,,,,,
G-HHPA,500,Í·»ËÄŞÛ_–³…•¨,d‰»Ü,85-42-7,,,,,,,,,,,,,,,,,,Í·»ËÄŞÛ–³…ÌÀÙ_,hexahydrophthalic anhydride,8-Oxabicyclo[4.3.0]nonane-7_9-dione,,Í·»ËÄŞÛ_–³…•¨,˜Z???,,,,,,,,,,,,,,,,,,,
G-HR140S,10,Î–û÷‰,Î–û÷‰,64742-16-1,,,,,,,,,,,,,,,,,,,,Petroleum resins,,Î–û÷‰,Î–û?‰,6-1073,,,,,,,,,,,,,,,,,,20230417
G-HXME-D-ISO,20,Í·»ÒÁÚİ-¼Ş²¿¼±È°Ä,Í·»ÒÁÚİ=¼Ş²¿¼±È°Ä,822-06-0,ŠY“–,0.001,1í(391),0.01,135,454,0.9,9.5,82,0.05,,,,,,,,Í·»ÒÁÚİ=¼Ş²¿¼±È°Ä,hexamethylene diisocyanate,1_6-Diisocyanatohexane,•Ê•\‘æ9‚Ì519,,1_6-ŒÈ“ñ??_?,,,,,,,,,,0.01,,,,,,,,,
G-HYDRO-HEAVY,1060,Î–ûÅÌ»,—L‹@—nÜ,64742-82-1,,,,,,240,0.8,7,150,,,,,,,,1,,,Naphtha (petroleum)_ hydrodesulfurised heavy,,,,,,,,,,,,,,,,,,,,,,20230417
G-IBA,1000,|_²¿ÌŞÁÙ,|_²¿ÌŞÁÙ,110-19-0,ŠY“–,0.01,,,21,423,1.3,10.5,118,1.73,4,,,150,,15400,,|_²¿ÌŞÁÙ,isobutyl acetate,2-Methylpropyl acetate,•Ê•\‘æ9‚Ì181,,‰³_?’š?,2-731,,,,,,,,150ppm,0.01,‘æ“ñí—L‹@—nÜ“™,15,,,1213,3,ISOBUTYL ACETATE,,
G-IBOA,1,²¿ÎŞÙÆÙ±¸ØÚ°Ä,±¸ØÙ÷‰,5888-33-5,,,,,113,,,,250,,,,,,,,,,,,,,•¸?_?‰,,,,,,,,,,,,,,,,,,,
G-IBOA-B,1,²¿ÎŞÙÆÙ±¸ØÚ°Ä,±¸ØÙ÷‰,5888-33-5,,,,,113,,,,250,,,,,,,,,,,,,,•¸?_?‰,,,,,,,,,,,,,,,,,,,
G-I-BOH,1110,²¿ÌŞÀÉ°Ù,²¿ÌŞÀÉ°Ù,78-83-1,ŠY“–,0.001,,,30,434,1.7,10.9,107.9,1.2,2.55,0.7,100,50,50,2460,1,²¿ÌŞÀÉ°Ù,2-methylpropan-1-ol,2-Methyl-1-propanol,•Ê•\‘æ9‚Ì477,,?’š†,2-3049,,,,,,,,50ppm,0.01,‘æ“ñí—L‹@—nÜ“™,2,,,1212,3,ISOBUTANOL (ISOBUTYL ALCOHOL),2905.14,20230417
G-IBXA,1,²¿ÎŞÙÆÙ±¸ØÚ°Ä,±¸ØÙ÷‰,ND,,,,,,,,,,,,,,,,,,,,Acrylic resin,,,•¸?_?‰,,,,,,,,,,,,,,,,,,,
G-INDENE,1000,²İÃŞİ,²İÃŞİ,95-13-6,ŠY“–,0.01,,,,,,,,,,,,,,,,,,Indene,•Ê•\‘æ9‚Ì59,,?,4-580,,,,,,,,,0.01,,,,,,,,,20230417
G-IPA,1000,²¿ÌßÛËßÙ±Ùº°Ù,²¿ÌßÛËßÙ±Ùº°Ù,67-63-0,ŠY“–,0.001,,,11.7,460,2.1,12.7,82.4,4.3,2.1,1.7,400,400,400,5840,1,²¿ÌßÛËßÙ±Ùº°Ù,2-Propanol,Propan-2-ol,•Ê•\‘æ9‚Ì494,,?•¸†,2-207,—Dæ•]‰¿‰»Šw•¨¿,,,,,,,200ppm,0.01,‘æ“ñí—L‹@—nÜ“™,3,,,1219,3,ISOPROPANOL (ISOPROPYL ALCOHOL),2905.12,20230417
G-IP-LX,1000,±Ù¶İ_C=9~11¤•ª},—L‹@—nÜ,68551-16-6,,,,,48,200,0.9,5.8,,,,,,,,2000,,,,Alkanes_ C9-11-iso-,,±Ù¶İ(C=9~11¤•ª}),?Î?(C9-C11),,,,,,,,,,,,,,,,,,,
G-IP-LX-FUZOKU,1000,²¿±Ù¶İ_C=10~13,—L‹@—nÜ,68551-17-7,,,,,48,200,0.9,5.8,,,,,,,,2000,,,,C10-13-Isoalkanes,,²¿±Ù¶İ(C=10~13),?Î?(C10-C13),,,,,,,,,,,,,,,,,,,
G-IP-SOL,1000,±Ù¶İ_C4~12,—L‹@—nÜ,68333-81-3,,,,,-15,,1.1,8.4,85,15.3,3.9,,,,,20000,1,,,Alkanes_ C4-12,,Alkanes (C4-C12),??CC4-12,,,,,,,,,,,,,,,,,,,
G-IPSOL-100,1000,Î–ûÅÌ»,Î–ûÅÌ»,64742-95-6,,0.01,,,46,470,0.5,6.5,,,4.2,,25,,,,,’á•¦“_–F‘°ÅÌ»,light aromatic solvent naphtha,Solvent naphtha (petroleum)_ light aromatic,•Ê•\‘æ9‚Ì330,,C9-10 –F??,,,,,,,,,,0.01,,,,,,,,,20230417
G-IRG-127,700,,Œõd‡ŠJnÜ,ND,,,,,,,,,,,,,,,,,,,,,,,ŒõãÚ‡ˆø??,,,,,,,,,,,,,,,,,,,
G-IRG-184,700,,Œõd‡ŠJnÜ,ND,,,,,,,,,,,,,,,,,,,,,,,ŒõãÚ‡ˆø??,,,,,,,,,,,,,,,,,,,
G-IRG-651,700,,Œõd‡ŠJnÜ,ND,,,,,,,,,,,,,,,,,,,,,,,ŒõãÚ‡ˆø??,,,,,,,,,,,,,,,,,,,
G-IRI-121,800,Šç—¿,Šç—¿,12001-26-2,,,,,,,,,,,,,,,,,,Ï²¶{ ‰_•ê},mica,Mica-group minerals,,Ï²¶,‰]•ê,,,,,,,,,,,,,,,,,,,
G-ISOHORON,1210,²¿ÎÛİ,²¿ÎÛİ,78-59-1,ŠY“–,0.001,,,96,462,0.8,3.8,213,0.18,4.77,,,5,,2330,1,²¿ÎÛİ,isophorone,1_5_5-Trimethylcyclohexen-3-one,•Ê•\‘æ9‚Ì49,,?˜Å??,,,,,,,,,,0.01,,,,,,,,,
G-ISOHORON-NCO,20,²¿ÎÛİ¼Ş²¿¼±Å°Ä,3-²¿¼±ÅÄÒÁÙ-3.5.5-ÄØÒÁÙ¼¸ÛÍ·¼Ù=²¿¼±È°Ä,4098-71-9,ŠY“–,0.001,,,,,,,,,,,,,,,,3-²¿¼±ÅÄÒÁÙ-3_5_5-ÄØÒÁÙ¼¸ÛÍ·¼Ù=²¿¼±È°Ä,isophorone diisocyanate,3-Isocyanatomethyl-3_5_5-trimethylcyclohexylisocyanate,•Ê•\‘æ9‚Ì40,,3-??_b?Šî - 3.5.5-ObŠî??_?,,,,,,,,,,0.01,,,,,,,,,
G-ISO-STA,601,²¿½Ã±Øİ_,“Y‰ÁÜ,30399-84-9,,,,,,,,,,,,,,,,,,,,Isooctadecanoic acid,,²¿µ¸ÀÃŞ¶İ_,,2-608,,,,,,,,,,,,,,,,,,20230508
G-J-287-60,2,,ÎßØ´½ÃÙŒn÷‰,ND,,,,,,,,,,,,,,,,,,,,Polyester resin,,,ãÚ??‰,,,,,,,,,,,,,,,,,,,
G-J-517,2,,ÎßØ´½ÃÙŒn÷‰,ND,,,,,,,,,,,,,,,,,,,,Polyester resin,,,ãÚ??‰,,,,,,,,,,,,,,,,,,,
G-J-524-A,2,,ÎßØ´½ÃÙŒn÷‰,ND,,,,,,,,,,,,,,,,,,,,Polyester resin,,,ãÚ??‰,,,,,,,,,,,,,,,,,,,
G-JP-100,11,ÎßØÌŞÀ¼Ş´İ ´Îß·¼‰»•¨,ÎßØÌŞÀ¼Ş´İ÷‰,71342-74-0,,,,,,,,,,,,,,,,,,,,1_3-Butadiene_ homopolymer_ epoxidized,,ÎßØÌŞÀ¼Ş´İ ´Îß·¼‰»•¨,ãÚ’š“ñ??‰,,,,,,,,,,,,,,,,,,,
G-JR-BDK,700,ÍŞİ¼ŞÙ¼ŞÒÁÙ¹À°Ù,Œõd‡ŠJnÜ,24650-42-8,,,,,,,,,,,,,,,,,,2_2-¼ŞÒÄ·¼-1_2- ¼ŞÌªÆÙ´Àİ-1- µİ,2_2-dimethoxy-1_2-dihenylethan-1-one,2_2-dimethoxy-1_2-dihenylethan-1-one,,,2_2-“ñb?Šî-?Šî‰³?,,,,,,,,,,,,,,,,,,,
G-JR-DETX,700,¼Ş´ÁÙÁµ·»İÄİ,Œõd‡ŠJnÜ,82799-44-8,,,,,,,,,,,,,,,,,,,,2_4-diethyl-9H-thioxanthen-9-one,,,“Y‰Á?,,,,,,,,,,,,,,,,,,,20230417
G-KA150TY,14,±ÙĞŠç—¿,±ÙĞŠç—¿,7429-90-5,ŠY“–,0.01,,,,,,,,,,,,,,,,±ÙĞÆ³Ñ,aluminium,Aluminum,•Ê•\‘æ9‚Ì37,,??—¿,,,,,,,,,,0.01,,,,,1309,4.1,ALUMINIUM POWDER  COATED,,20230508
G-KBM-403,600,´Îß·¼¼×İ,“Y‰ÁÜ,2530-83-8,,,,,149,300,,,290,1.3,,,,200,,5628,1,´Îß·¼¼×İ,3-(2_3-epoxypropoxy)propyltrimethoxy-silane,2-{[3-(Trimethoxysilyl)propoxy]methyl}oxirane,,2-{[3-(ÄØÒÄ·¼¼ØÙ)ÌßÛÎß·¼]ÒÁÙ}µ·¼×İ,3-(2_3-??•¸?)•¸ŠîOb?Šîáé?,2-2071,,1-344,,‘æˆêí,,,,,,,,,,,,,,20230417
G-KBM-603,600,¼Ş±Ğİ¼×İ,“Y‰ÁÜ,1760-24-3,,,,,128,300,,,259,1.3,,,,,,,1,,,N1-[3-(Trimethoxysilyl)prop-1-yl]ethane-1_2-diamine,,N1-[3-(ÄØÒÄ·¼¼ØÙ)ÌßÛÊß-1-²Ù]´Àİ-1_2-¼Ş±Ğİ,,,,,,,,,,,,,,,,,,,,
G-KEROSINE,1000,¹Û¼İ,’Y‰»…‘f,64742-81-0,,,,,58,200,,,,,,,,,,,,,,Kerosine (petroleum)_ hydrodesulfurized,,,,,,,,,,,,,,,,,,,,,,
G-KIP-150,700,,Œõd‡ŠJnÜ,ND,,,,,,,,,,,,,,,,,,,,,,,,,,,,,,,,,,,,,,,,,,
G-KIRIYU,9,,–û•Ï«³ÚÀİ÷‰,ND,,,,,,,,,,,,,,,,,,,,Oil-modified urethane resin,,,–û‰ü«“IãÚ???‰,,,,,,,,,,,,,,,,,,,
G-KL-406,600,ÎßØÌÛ°KL-406,“Y‰ÁÜ,ND,,,,,,,,,,,,,,,,,,,,Additive,,,“Y‰Á?,,,,,,,,,,,,,,,,,,,
G-KN-320,800,_‰»“S,_‰»“S,1309-38-2,,,,,,,,,,,,,,,,15000,1,,,Magnetite,,,,,,,,,,,,,,,,,,,,,,
G-KOH,15,…_‰»¶Ø³Ñ,…_‰»¶Ø³Ñ,1310-58-3,ŠY“–,0.01,,,,,,,1324,,,,,,,273,1,…_‰»¶Ø³Ñ,potassium hydroxide,Potassium hydroxide,•Ê•\‘æ9‚Ì316,,??‰»?,,,,,,,,,,0.01,,,,,,,,,
G-KOUYU,1000,d¿ÅÌ»,—L‹@—nÜ,64742-48-9,,,,,,,,,,,,,,,,,,,,Naphtha (petroleum)_ hydrotreated heavy,,,,,,,,,,,,,,,,,,,,,,
G-KR-311,12,,¼Øºİ÷‰,ND,,,,,,,,,,,,,,,,,,,,Silicon resin,,,áé?‰,,,,,,,,,,,,,,,,,,,
G-KR-5234,12,,¼Øºİ÷‰,ND,,,,,,,,,,,,,,,,,,,,Silicon resin,,,áé?‰,,,,,,,,,,,,,,,,,,,
G-KRM9495,1,KRM 9495,±¸ØÙ÷‰,ND,,,,,,,,,,,,,,,,,,,,Acrylic resin,,,•¸?_?‰,,,,,,,,,,,,,,,,,,,
G-KUMEN,1250,¸Òİ,¸Òİ,98-82-8,ŠY“–,0.001,1-83,0.01,,,,,,,,,,,10,,,¸Òİ,cumen,Cumene,•Ê•\‘æ9‚Ì138,,?•¸Šî?,3-22,—Dæ•]‰¿‰»Šw•¨¿,1-106,‘æˆêí,‘æˆêí,,,,,0.01,,,,,1918,3,ISOPROPYLBENZENE,2902.7,20230508
G-L-1/4NC,13,ÆÄÛ¾ÙÛ°½Ş,ÆÄÛ¾ÙÛ°½Ş,9004-70-0,ŠY“–,0,,,,,,,,,,,,,,,,É‰»–È,cellulose nitrate,Cellulose_ nitrate,•Ê•\‘æ9‚Ì424,,É_??‘f,8-176,,,,,,,,,0,,,,,340,1.1,NITROCELLULOSE  dry or wetted with less than 25% water (or alcohol)  by mass,,
G-L-1092-1,1,,±¸ØÙ÷‰,ND,,,,,,,,,,,,,,,,,,,,Acrylic resin,,,•¸?_?‰,,,,,,,,,,,,,,,,,,,
G-L-7001,600,,“Y‰ÁÜ,ND,,,,,242,,,,100,,,,,,,,,,,Additive,,,,,,,,,,,,,,,,,,,,,,
G-LC-951,600,,“Y‰ÁÜ,ND,,,,,,,,,,,,,,,,,,,,Additive,,,,,,,,,,,,,,,,,,,,,,
G-L-CFA,7,,ËŞÆÙ÷‰,ND,,,,,,,,,,,,,,,,,,,,Vinyl resin,,,‰³?Šî?‰,,,,,,,,,,,,,,,,,,,
G-L-CM,7,,ËŞÆÙ÷‰,ND,,,,,,,,,,,,,,,,,,,,Vinyl resin,,,‰³?Šî?‰,,,,,,,,,,,,,,,,,,,
G-LE-604,601,Ì¯‘fŠÜ—L±¸ØÙÎßØÏ°,“Y‰ÁÜ,ND,,,,,,,,,,,,,,,,,,,,Additive,,,,,,,,,,,,,,,,,,,,,,
G-LHP-95,1,ÃŞ¨½ÊßÛİLHP-95,±¸ØÙ÷‰,ND,,,,,,,,,,,,,,,,,,,,Acrylic resin,,,•¸?_?‰,,,,,,,,,,,,,,,,,,,
G-LR-170,1,,±¸ØÙ÷‰,ND,,,,,,,,,,,,,,,,,,,,Acrylic resin,,,•¸?_?‰,,,,,,,,,,,,,,,,,,,
G-LR-2524,1,ÀŞ²ÔÅ°Ù LR-2524,±¸ØÙ÷‰,ND,,,,,,,,,,,,,,,,,,,,,,,,,,,,,,,,,,,,,,,,,,
G-LR-2583,1,,±¸ØÙ÷‰,ND,,,,,,,,,,,,,,,,,,,,Acrylic resin,,,•¸?_?‰,,,,,,,,,,,,,,,,,,,
G-LT-560,600,´Îß·¼¼×İ,“Y‰ÁÜ,2530-83-8,,,,,149,300,,,290,1.3,,,,,,,1,´Îß·¼¼×İ,3-(2_3-epoxypropoxy)propyltrimethoxy-silane,2-{[3-(Trimethoxysilyl)propoxy]methyl}oxirane,,2-{[3-(ÄØÒÄ·¼¼ØÙ)ÌßÛÎß·¼]ÒÁÙ}µ·¼×İ,3-(2_3-??•¸?)•¸ŠîOb?Šîáé?,2-2071,,1-344,,‘æˆêí,,,,,,,,,,,,,,20230417
G-LUNA-200,700,Œõd‡ŠJnÜ,Œõd‡ŠJnÜ,947-19-3,,,,,,,,,,,,,,,,,,1-ËÄŞÛ·¼¼¸ÛÍ·¼ÙÌªÆÙ¹Äİ,hydroxycyclohexyl phenyl ketone,hydroxycyclohexyl phenyl ketone,,,1-??ŒÈŠî??,,,,,,,,,,,,,,,,,,,
G-LUNA-907,700,Œõd‡ŠJnÜ,Œõd‡ŠJnÜ,71868-10-5,,,,,,,,,,,,,,,,,,,,1-Propanone_ 2-methyl-1-[4-(methylthio)phenyl]-2-(4-morpholinyl)-,,2-ÒÁÙ-4'-ÒÁÙÁµ-2-ÓÙÎØÉÌßÛËßµÌªÉİ,,,,,,,,,,,,,,,,,,,,
G-LUNA-EAQ,700,2E-AQ,Œõd‡ŠJnÜ,ND,,,,,,,,,,,,,,,,,,,,,,,,,,,,,,,,,,,,,,,,,,
G-L-W75,500,¼ŞÍŞİ¿Ş²ÙÍßÙµ·¼ÄŞ,¼ŞÍŞİ¿Ş²ÙÍßÙµ·¼ÄŞ,94-36-0,ŠY“–,0.001,,,,,,,,,,,,,,,,ÍŞİ¿Ş²ÙÊß°µ·»²ÄŞ,benzoyl peroxide,Dibenzoyl peroxide,•Ê•\‘æ9‚Ì282,,??‰»?b?,,,,,,,,,,0.01,,,,,,,,,
G-M-1156,1,,±¸ØÙ÷‰,ND,,,,,,,,,,,,,,,,,,,,Acrylic resin,,,•¸?_?‰,,,,,,,,,,,,,,,,,,,
G-M-150,1,ÃÄ×ËÄŞÛÌ×İ-2-²Ù=±¸Ø×°Ä,±¸ØÙ÷‰,2399-48-6,,,,,93,,,,,,1.061,,,,,,,,,Tetrahydrofuran-2-yl acrylate,,ÃÄ×ËÄŞÛÌ×İ-2-²Ù=±¸Ø×°Ä,•¸?_?‰,,,,,,,,,,,,,,,,,,,
G-M-151,1,ÒÀ¸ØÙ_ÃÄ×ËÄŞÛÌÙÌØÙ,±¸ØÙ÷‰,2455-24-5,,,,,92,,,,,,,,,,,,,,,Tetrahydrofurfuryl methacrylate,,ÒÀ¸ØÙ_ÃÄ×ËÄŞÛÌÙÌØÙ,•¸?_?‰,,,,,,,,,,,,,,,,,,,
G-M-20,8,,Ò×Ğİ÷‰,ND,,,,,,,,,,,,,,,,,,,,Melamine resin,,,OãÚ???‰,,,,,,,,,,,,,,,,,,,
G-M-22,8,Ò×İ22,Ò×Ğİ÷‰,ND,,,,,,,,,,,,,,,,,,,,,,,,,,,,,,,,,,,,,,,,,,
G-M-200,20,Í·»İ-1_6-¼Ş²Ù=¼Ş±¸Ø×°Ä,Í·»İ-1_6-¼Ş²Ù=¼Ş±¸Ø×°Ä,13048-33-4,,,1í(306),0.01,,,,,,,,,,,,,,,,Hexane-1_6-diyl diacrylate,,,ŒÈ?-1_6-“ñŠî“ñ•¸?_?,,,,,,,,,,,,,,,,,,,
G-M-240,1,±¸ØÚ°Ä,±¸ØÙ÷‰,26570-48-9,,,,,,,,,,,,,,,,,,,,Poly(oxy-1_2-ethanediyl)_ .alpha.-(1-oxo-2-propen-1-yl)-.omega.-[(1-oxo-2-propen-1-yl)oxy]-,,ÎßØ±Ù·Úİ¸ŞØº°ÙÓÉ(–”‚Í¼Ş)±¸ØÚ°Ä,•¸?_?‰,,,,,,,,,,,,,,,,,,,
G-M-300,1,ÄØÒÁÛ°ÙÌßÛÊßİÄØ±¸ØÚ°Ä,ÄØÒÁÛ°ÙÌßÛÊßİÄØ±¸ØÚ°Ä,15625-89-5,,0.001,,,,,,,,,,,,,,,,ÄØÒÁÛ°ÙÌßÛÊßİÄØ±¸ØÚ°Ä,trimethylolpropane triacrylate,Acrylic resin,•Ê•\‘æ9‚Ì404‚Ì2:—ß˜a6”N4Œ1“ú{s,2-´ÁÙ-2-ËÄŞÛ·¼ÒÁÙ-1_3-ÌßÛÊßİ¼Şµ°ÙÄØ±¸Ø×°Ä,O?bŠî•¸?O•¸?_?,2-958 2-1010,,,,,,,,,0.003,,,,,,,,,
G-M-309,1,ÄØÒÁÛ°ÙÌßÛÊßİÄØ±¸ØÚ°Ä,ÄØÒÁÛ°ÙÌßÛÊßİÄØ±¸ØÚ°Ä,15625-89-5,,0.001,,,,,,,,,,,,,,,,ÄØÒÁÛ°ÙÌßÛÊßİÄØ±¸ØÚ°Ä,trimethylolpropane triacrylate,Acrylic resin,•Ê•\‘æ9‚Ì404‚Ì2:—ß˜a6”N4Œ1“ú{s,2-´ÁÙ-2-ËÄŞÛ·¼ÒÁÙ-1_3-ÌßÛÊßİ¼Şµ°ÙÄØ±¸Ø×°Ä,O?bŠî•¸?O•¸?_?,2-958 2-1010,,,,,,,,,0.003,,,,,,,,,
G-M-310,1,PO•Ï«TMPTA,±¸ØÙ÷‰,53879-54-2,,,,,,,,,,,,,,,,,,,,,,,•¸?_?‰,,,,,,,,,,,,,,,,,,,
G-M-315-2,1,²¿¼±ÇÙ_±¸ØÚ°Ä2Š¯”\,±¸ØÙ÷‰,87605-70-7,,,,,,,,,,,,,,,,,,,,2-Propenoic acid_ 1_1'-[[dihydro-5-(2-hydroxyethyl)-2_4_6-trioxo-1_3_5-triazine-1_3(2H_4H)-diyl]di-2_1-ethanediyl] ester,,2-{3-[2-(±¸ØÛ²Ùµ·¼)´ÁÙ]-5-(2-ËÄŞÛ·¼´ÁÙ)-2_4_6-ÄØµ·¿-1_3_5-ÄØ±¼ŞÅİ-1-²Ù}´ÁÙ=±¸Ø×°Ä,•¸?_?‰,,,,,,,,,,,,,,,,,,,
G-M-315-3,1,²¿¼±ÇÙ_±¸ØÚ°Ä3Š¯”\,±¸ØÙ÷‰,40220-08-4,,,,,,,,,,,,,,,,,,,,(2_4_6-Trioxo-1_3_5-triazinane-1_3_5-triyl)triethylene triacrylate,,(2_4_6-ÄØµ·¿-1_3_5-ÄØ±¼ŞÅİ-1_3_5-ÄØ²Ù)ÄØ´ÁÚİ=ÄØ±¸Ø×°Ä,•¸?_?‰,,,,,,,,,,,,,,,,,,,
G-M-321,1,±¸ØÚ°Ä,±¸ØÙ÷‰,53879-54-2,,,,,,,,,,,,,,,,,,,,,,,,,,,,,,,,,,,,,,,,,,
G-M-408,1,±¸ØÚ°Ä,±¸ØÙ÷‰,94108-97-1,,,,,,,,,,,,,,,,,,,,Oxybis{2-[(acryloyloxy)methyl]-2-ethylpropane-3_1-diyl} diacrylate,,µ·¼ËŞ½{2-[(±¸ØÛ²Ùµ·¼)ÒÁÙ]-2-´ÁÙÌßÛÊßİ-3_1-¼Ş²Ù}=¼Ş±¸Ø×°Ä,•¸?_?‰,,,,,,,,,,,,,,,,,,,
G-M-480,1,,±¸ØÙ÷‰,ND,,,,,,,,,,,,,,,,,,,,Acrylic resin,,,•¸?_?‰,,,,,,,,,,,,,,,,,,,
G-M-5303,2,,ÎßØ´½ÃÙŒn÷‰,ND,,,,,,,,,,,,,,,,,,,,Polyester resin,,,ãÚ??‰,,,,,,,,,,,,,,,,,,,
G-M-600,1,,±¸ØÙ÷‰,ND,,,,,,,,,,,,,,,,,,,,Acrylic resin,,,•¸?_?‰,,,,,,,,,,,,,,,,,,,
G-M-6205-50,2,,ÎßØ´½ÃÙŒn÷‰,ND,,,,,,,,,,,,,,,,,,,,Polyester resin,,,ãÚ??‰,,,,,,,,,,,,,,,,,,,
G-M-8100,1,,±¸ØÙ÷‰,ND,,,,,,,,,,,,,,,,,,,,Acrylic resin,,,•¸?_?‰,,,,,,,,,,,,,,,,,,,
G-M-ADT,600,,“Y‰ÁÜ,ND,,,,,,,,,,,,,,,,,,,,Additive,,,,,,,,,,,,,,,,,,,,,,
G-Manganese ferrite black spinel,500,Ïİ¶ŞİÌª×²ÄÌŞ×¯¸½ËßÈÙ,“Y‰ÁÜ,68186-94-7,ŠY“–,0.001,,,,,,,,,,,,,,,,,,Manganese ferrite black spinel,,•¡‡_‰»•¨ŒnŠç—¿,üKF‘f,,,,,,,,,,0.01,,,,,,,,,
G-MAR,1000,²¿ÄŞÃŞ¶İ,—L‹@—nÜ,31807-55-3,,,,,43.8,485.6,1,6,179,101,5.9,,,,,,,,,Isododecane,,,,,,,,,,,,,,,,,,,,,,
G-MBF,700,,Œõd‡ŠJnÜ,ND,,,,,,,,,,,,,,,,,,,,,,,,,,,,,,,,,,,,,,,,,,
G-MCH,1160,ÒÁÙ¼¸ÛÍ·»İ,ÒÁÙ¼¸ÛÍ·»İ,108-87-2,ŠY“–,0.01,,,-11.5,309,1.1,6.7,100.9,6.2,3.4,3.5,,400,400,,1,ÒÁÙ¼¸ÛÍ·»İ,methylcyclohexane,Methylcyclohexane,•Ê•\‘æ9‚Ì576,,bŠî?ŒÈ?,3-2230,,,,,,,,,0.01,,,,,2296,3,METHYLCYCLOHEXANE,,20230508
G-MEHQ,600,2-ÒÁÙÊ²ÄŞÛ·Éİ,“Y‰ÁÜ,95-71-6,,,,,172,455,,,,,,,,,,400,,,,2-Methylbenzene-1_4-diol,,2-ÒÁÙÍŞİ¾Şİ-1_4-¼Şµ°Ù,,,,,,,,,,,,,,,,,,,,
G-MEK,1070,ÒÁÙ´ÁÙ¹Äİ,ÒÁÙ´ÁÙ¹Äİ,78-93-3,ŠY“–,0.01,,,-7,515,1.7,11.4,79.5,10.1,2.4,4,,200,200,3300,1,ÒÁÙ´ÁÙ¹Äİ,methylethyl ketone,Ethyl methyl ketone,•Ê•\‘æ9‚Ì570,,2-’š?,2-542,,,,,,,,200ppm,0.01,‘æ“ñí—L‹@—nÜ“™,44,­—ßEŒ€•¨,­—ß‘æ2ğ‘æ1€‘æ98†‚Ì13,1193,3,ETHYL METHYL KETONE (METHYL ETHYL KETONE),2914.12,20230417
G-S10MEK,1071,ÒÁÙ´ÁÙ¹Äİ,ÒÁÙ´ÁÙ¹Äİ,78-93-3,ŠY“–,0.01,,,-9,505,1.8,11.5,80,10.5,2.41,4,,200,200,2737,1,ÒÁÙ´ÁÙ¹Äİ,methylethyl ketone,Ethyl methyl ketone,•Ê•\‘æ9‚Ì570,,2-’š?,2-542,,,,,,,,200ppm,0.01,‘æ“ñí—L‹@—nÜ“™,44,­—ßEŒ€•¨,­—ß‘æ2ğ‘æ1€‘æ98†‚Ì13,1193,3,ETHYL METHYL KETONE (METHYL ETHYL KETONE),2914.12,20230417
G-MEK-OX,600,MEKµ·¼Ñ,“Y‰ÁÜ,96-29-7,,,,,,,,,,,,,,,,,,ÒÁÙ´ÁÙ¹Äµ·¼Ñ,butanone oxime,2-Butanone oxime,,ÒÁÙ´ÁÙ¹Äİµ·¼Ñ,b‰³??,2-546,—Dæ•]‰¿‰»Šw•¨¿,,,,,,,,,,,,,,,,,20230417
G-MHHPA,500,ÒÁÙÍ·»ËÄŞÛ–³…ÌÀÙ_,d‰»Ü,19438-60-9,,,,,,,,,,,,,,,,,,4-ÒÁÙÍ·»ËÄŞÛ–³…ÌÀÙ_,hexahydro-4-methylphthalic anhydride,3-Methyl-8-oxabicyclo[4.3.0]nonane-7_9-dione,,ÒÁÙÍ·»ËÄŞÛ–³…ÌÀÙ_,4-bŠî˜Z???,,,,,,,,,,,,,,,,,,,
G-MIBK,1080,ÒÁÙ²¿ÌŞÁÙ¹Äİ,ÒÁÙ²¿ÌŞÁÙ¹Äİ,108-10-1,ŠY“–,0.001,,,17,449,1.4,7.6,118,2.13,3.45,1.6,,50,50,2080,1,ÒÁÙ²¿ÌŞÁÙ¹Äİ,methyl isobutyl ketone,Methyl isobutyl ketone,•Ê•\‘æ9‚Ì569,,4-bŠî-2-•è?,2-542,—Dæ•]‰¿‰»Šw•¨¿,1-472,,‘æˆêí,‘æ“ñ—Ş•¨¿,•Ê•\‘æ3‘æ2†33‚Ì2,0.01,20ppm,0.01,,,,,1245,3,METHYL ISOBUTYL KETONE,2914.13,20230417
G-MIWON-M150,1,THFA,±¸ØÙ÷‰,2399-48-6,,,,,93,,,,,,,,,,,,,,,Tetrahydrofuran-2-yl acrylate,,ÃÄ×ËÄŞÛÌ×İ-2-²Ù=±¸Ø×°Ä,•¸?_?‰,,,,,,,,,,,,,,,,,,,
G-MMA,100,ÒÀ¸ØÙ_ÒÁÙ,ÒÀ¸ØÙ_ÒÁÙ,80-62-6,ŠY“–,0.001,1-420,0.01,,,,,,,,,,,2,,,ÒÀ¸ØÙ_ÒÁÙ,methyl methacrylate,Methyl methacrylate,•Ê•\‘æ9‚Ì557,,bŠî•¸?_b?,2-1036,,1-469,‘æˆêí,‘æˆêí,,,,,0.01,,,,,1247,3,METHYL METHACRYLATE MONOMER  STABILIZED,,20230425
G-MMB,1000,3-ÒÁÙ3-ÒÄ·¼ÌŞÀÉ°Ù,—L‹@—nÜ,56539-66-3,,,,,68,395,1.2,13.1,174,,,,,,,4300,1,3-ÒÁÙ3-ÒÄ·¼ÌŞÀÉ°Ù,3-methyl 3-methoxy butanol,Butanol_ 3-methoxy-3-methyl-,,3-ÒÄ·¼-3-ÒÁÙ-1-ÌŞÀÉ°Ù,3-b?Šî-3-bŠî’š†,,,,,,,,,,,,,,,,,,,
G-MMBA,1000,3-ÒÄ·¼3-ÒÁÙÌŞÁÙ±¾Ã°Ä,—L‹@—nÜ,103429-90-9,,,,,,,,,,,,,,,,,,3-ÒÁÙ-3-ÒÄ·¼ÌŞÁÙ±¾Ã°Ä,3-methyl-3-methoxy butanol acetate,1-Butanol_ 3-methoxy-3-methyl-_ acetate,,|_3-ÒÁÙ-3-ÒÄ·¼ÌŞÁÙ,3-b?Šî-3-bŠî-1-çÊ_’š?,,,,,,,,,,,,,,,,,,,
G-MN,500,Ïİ¶Şİ‹y‚Ñ‚»‚Ì‰»‡•¨,Ïİ¶Şİ‹y‚Ñ‚»‚Ì‰»‡•¨,1336-93-2,,,1-412,0.01,52,,,,,,,,,100,,,1,ÅÌÃİ_Ïİ¶Şİ,naphtenic acids_ manganese salts,Naphthenic acids_ manganese salts,,ÅÌÃİ_‚ÌÏİ¶Şİ‰–,??_?,8-630,,1-465,‘æˆêí,‘æˆêí,‘æ“ñ—Ş•¨¿,•Ê•\‘æ3‘æ2†33,0.01,ƒ}ƒ“ƒKƒ“‚Æ‚µ‚Ä0.05mg/m3,,,,,,,,,,20230508
G-MNF,1200,ÒÁÙÅÌÀÚİ,ÒÁÙÅÌÀÚİ,90-12-0,ŠY“–,0.01,1í(438),0.01,,,,,,,,,,,,,,,,1-methylnaphthalene,•Ê•\‘æ9‚Ì582‚Ì2,,bŠî?,,,,,,,,,,0.01,,,,,,,,,
G-M-N-PKETONE,1000,ÒÁÙÉÙÏÙÍßİÁÙ¹Äİ,ÒÁÙÉÙÏÙÍßİÁÙ¹Äİ,110-43-0,ŠY“–,0.01,,,29.4,,,,,,,,,,,,,ÒÁÙÉÙÏÙÍßİÁÙ¹Äİ,methyl amyl ketone,2-Heptanone,,2-ÍÌßÀÉİ,2-M?,,,,,,,,,,0.01,,,,,,,,,
G-MOBOH,1000,ÒÄ·¼ÌŞÀÉ°Ù,—L‹@—nÜ,2517-43-3,,,,,64.5,239,3.6,11,161,0.1,3.62,,,,,,1,3-ÒÄ·¼ÌŞÀÉ°Ù,3-methoxy butanol,3-Methoxy-1-butanol,,,3-b?Šî’š†,,,,,,,,,,,,,,,,,,,
G-MOH,1000,ÒÀÉ°Ù,ÒÀÉ°Ù,67-56-1,ŠY“–,0.001,,,11,470,6.7,36.5,64.7,12.7,1.11,2.5,200,200,200,5628,1,ÒÀÉ°Ù,methanol,Methanol,•Ê•\‘æ9‚Ì560,,b†,2-201,,,,,,,,200ppm,0.003,‘æ“ñí—L‹@—nÜ“™,42,–@—¥EŒ€•¨,–@—¥•Ê•\‘æ2‚Ì83,1230,3,METHANOL,2905.11,
G-MPACE,1000,ÒÄ·¼ÌßÛËßÙ±¾Ã°Ä,—L‹@—nÜ,70657-70-4,,,,,,,,,,,,,,,,,,2-ÒÄ·¼ÌßÛËßÙ±¾Ã°Ä,1-propanol_ 2-methoxy_ acetate,2-Methoxypropyl acetate,,,‰³_2-b?•¸?,,,,,,,,,,,,,,,,,,,20230425
G-MT-3030,1,±ÛÆ¯¸½MT-3030,±¸ØÙ÷‰,ND,,,,,,,,,,,,,,,,,,,,Acrylic resin,,,•¸?_?‰,,,,,,,,,,,,,,,,,,,
G-MT-3547,1,±¸ØÚ°Ä,±¸ØÙ÷‰,5459-38-1,,,,,,,,,,,,,,,,,,,,,,,,,,,,,,,,,,,,,,,,,,
G-M-X-66,8,,Ò×Ğİ÷‰,ND,,,,,,,,,,,,,,,,,,,,Melamine resin,,,OãÚ???‰,,,,,,,,,,,,,,,,,,,
G-N/B-AMANIYU,9,,–û•Ï«³ÚÀİ÷‰,ND,,,,,,,,,,,,,,,,,,,,Oil-modified urethane resin,,,–û‰ü«“IãÚ???‰,,,,,,,,,,,,,,,,,,,
G-N3300,20,Í·»ÒÁÚİ=¼Ş²¿¼±È°Ä,Í·»ÒÁÚİ=¼Ş²¿¼±È°Ä,822-06-0,ŠY“–,0.001,,,,,,,,,,,,,,,,Í·»ÒÁÚİ=¼Ş²¿¼±È°Ä,hexamethylene diisocyanate,Oil-modified urethane resin,,,1_6-“ñ??_ª‡ŒÈ?,,,,,,,,,,0.01,,,,,,,,,
G-N-695,3,,´Îß·¼÷‰,29690-82-2,,,,,,,,,,,,,,,,,,,,Formaldehyde_ polymer with (chloromethyl)oxirane and 2-methylphenol,,,???‰,,,,,,,,,,,,,,,,,,,
G-NAA-180,600,½Ã±Øİ_,“Y‰ÁÜ,57-11-4,,,,,,,,,,,,,,,,,,½Ã±Øİ_,stearic acid_ pure,Stearic acid,,½Ã±Øİ_,d‰_,2-608,,,,,,,,,,,,,,,,,2915.7,20230508
G-NAF-250,600,,“Y‰ÁÜ,ND,,,,,,,,,,,,,,,,,,,,,,,,,,,,,,,,,,,,,,,,,,
G-NAFE,500,ÅÌÃİ_“S,d‰»Ü,1338-14-3,,,,,,,,,,,,,,,,,,ÅÌÃİ_“S,naphthenic acids_ iron salts,Iron salt of naphthenic acids,,ÅÌÃİ_‚Ì“S‰–,??_?,,,,,,,,,,,,,,,,,,,
G-NALI1.2P,500,ÅÌÃİ_ØÁ³Ñ,d‰»Ü,61788-56-5,,,,,,,,,,,,,,,,,,,,Naphthenic acids_ lithium salts,,,d‰»?,,,,,,,,,,,,,,,,,,,
G-NA-TI,600,Å°¾ÑÁÀİ,“Y‰ÁÜ,16902-59-3,,,,,,,,,,,,,,,,,,,,Dibutoxybis(pentane-2_4-dionato-O_O')titanium,,,,,,,,,,,,,,,,,,,,,,20230417
G-NAZN8P,500,ÅÌÃİ_ˆŸ‰”,d‰»Ü,12001-85-3,,,,,,,,,,,,,,,,,,ÅÌÃİ_ˆŸ‰”,zinc naphthenate,Zinc naphthenate,,,??_?,,,,,,,,,,,,,,,,,,,
G-N-B-ACRY,1000,±¸ØÙ_ÉÙÏÙ-ÌŞÁÙ,±¸ØÙ_ÉÙÏÙ-ÌŞÁÙ,141-32-2,ŠY“–,0.001,1Œ7“ú,0.01,,,,,,,,,,,,,,±¸ØÙ_ÉÙÏÙ-ÌŞÁÙ,butyl acrylate,Butan-1-yl acrylate,•Ê•\‘æ9‚Ì4,ÌŞÀİ-1-²Ù=±¸Ø×°Ä,•¸?_³’š?,2-989,,1-009,‘æˆêí,‘æˆêí,,,,,0.01,,,,,2348,3,BUTYL ACRYLATES  STABILIZED,,
G-N-BOH,1120,ÉÙÏÙÌŞÀÉ°Ù,ÉÙÏÙÌŞÀÉ°Ù,71-36-3,ŠY“–,0.001,,,37,347,1.5,11.3,117.7,0.6,2.6,0.5,,50,50,2500,1,n-ÌŞÀÉ°Ù,1-butanol,1-Butanol,•Ê•\‘æ9‚Ì477,,³’š†,2-3049,—Dæ•]‰¿‰»Šw•¨¿,,,,,,,25ppm,0.01,‘æ“ñí—L‹@—nÜ“™,40,,,1120,3,BUTANOLS,2905.13,20230417
G-NC,13,ÆÄÛ¾ÙÛ°½Ş,ÆÄÛ¾ÙÛ°½Ş,9004-70-0,ŠY“–,0,,,,,,,,,,,,,,,,É‰»–È,cellulose nitrate,Cellulose_ nitrate,•Ê•\‘æ9‚Ì424,,É_??‘f,8-176,,,,,,,,,0,,,,,340,1.1,NITROCELLULOSE  dry or wetted with less than 25% water (or alcohol)  by mass,,
G-NEO-U-100-1,600,‚·‚¸‹y‚Ñ‚»‚Ì‰»‡•¨,‚·‚¸‹y‚Ñ‚»‚Ì‰»‡•¨,77-58-7,ŠY“–,0.001,1í(239),0.01,250,,,,,,,,,,,,,¼ŞÌŞÁÙà¼Ş×³Ú°Ä,dibutyltin dilaurate,dibutyltin dilaurate,•Ê•\‘æ9‚Ì322,¼ŞÌŞÁÙà¼Ş×³Ú°Ä,“ñŒŒj_“ñ’šŠî?,,,,,,,,,,0.01,,,,,,,,,
G-NF,1190,ÅÌÀÚİ,ÅÌÀÚİ,91-20-3,ŠY“–,0.001,1-302,0.01,,,,,,,,,,,,,,ÅÌÀÚİ,naphthalene,Naphthalene,•Ê•\‘æ9‚Ì408,,?,4-311,—Dæ•]‰¿‰»Šw•¨¿,1-352,‘æˆêí,‘æˆêí,‘æ“ñ—Ş•¨¿,•Ê•\‘æ3‘æ2†23‚Ì2,0.01,10ppm,0.01,,,,,1334,4.1,NAPHTHALENE  CRUDE or NAPHTHALENE  REFINED,,20230417
G-N-H,1999,ÉÙÏÙÍ·»İ,ÉÙÏÙÍ·»İ,110-54-3,ŠY“–,0.001,1-392,0.01,-30,230,1.1,7.5,67,36.3,3,7.2,,50,40,28710,1,n-Í·»İ,n-hexane,Hexane,•Ê•\‘æ9‚Ì520,,³ŒÈ?,2-6,—Dæ•]‰¿‰»Šw•¨¿,1-436,‘æˆêí,‘æˆêí,,,,40ppm,0.01,‘æ“ñí—L‹@—nÜ“™,39,,,1208,3,HEXANES,,20230417
G-N-H_IPSOL,1999,ÉÙÏÙÍ·»İ,ÉÙÏÙÍ·»İ,110-54-3,ŠY“–,0.001,1-392,0.01,-12,,,,,,,,,,40,,,n-Í·»İ,n-hexane,Hexane,•Ê•\‘æ9‚Ì520,,³ŒÈ?,2-6,—Dæ•]‰¿‰»Šw•¨¿,1-436,‘æˆêí,‘æˆêí,,,,40ppm,0.01,‘æ“ñí—L‹@—nÜ“™,39,,,1208,3,HEXANES,,20230417
G-N-H_D750,1999,ÉÙÏÙÍ·»İ,ÉÙÏÙÍ·»İ,110-54-3,ŠY“–,0.001,1-392,0.01,-4,,,,,,,,,,40,,,n-Í·»İ,n-hexane,Hexane,•Ê•\‘æ9‚Ì520,,³ŒÈ?,2-6,—Dæ•]‰¿‰»Šw•¨¿,1-436,‘æˆêí,‘æˆêí,,,,40ppm,0.01,‘æ“ñí—L‹@—nÜ“™,39,,,1208,3,HEXANES,,20230417
G-N-H_D800,1999,ÉÙÏÙÍ·»İ,ÉÙÏÙÍ·»İ,110-54-3,ŠY“–,0.001,1-392,0.01,-4,,,,,,,,,,40,,,n-Í·»İ,n-hexane,Hexane,•Ê•\‘æ9‚Ì520,,³ŒÈ?,2-6,—Dæ•]‰¿‰»Šw•¨¿,1-436,‘æˆêí,‘æˆêí,,,,40ppm,0.01,‘æ“ñí—L‹@—nÜ“™,39,,,1208,3,HEXANES,,20230417
G-NH3,1000,±İÓÆ±,±İÓÆ±,7664-41-7,ŠY“–,0.001,,,,,,,,,,,,,,,,±İÓÆ±,ammonia_ anhydrous,Ammonia,•Ê•\‘æ9‚Ì39,,?,,,,,,,,,,0.002,,,,,,,,,
G-N-ME-PYRRO,1000,N-ÒÁÙ-2-ËßÛØÄŞİ,N-ÒÁÙ-2-ËßÛØÄŞİ,872-50-4,ŠY“–,0.001,,,91,245,,,204.3,,,,,,,,,N-ÒÁÙ-2-ËßÛØÄŞİ,1-methyl-2-pyrrolidone,1-Methyl-2-pyrrolidone,•Ê•\‘æ9‚Ì588‚Ì2,,1-bŠî-2-?š]??,,,,,,,,,,0.01,,,,,,,,,
G-NO77,600,,“Y‰ÁÜ,ND,,,,,208,,,,,,,,,,,,,,,,,,,,,,,,,,,,,,,,,,,,,
G-NO-FE,500,µ¸ÁÙ_“S,d‰»Ü,7321-53-1,,,,,,,,,,,,,,,,,,,,ron(3+) tris(2-ethylhexanoate),,,d‰»?,,,,,,,,,,,,,,,,,,,
G-NO-LI,500,µ¸ÁÙ_ØÁ³Ñ,d‰»Ü,15590-62-2,,,,,,,,,,,,,,,,,,,,Lithium 2-ethylhexanoate,,,d‰»?,,,,,,,,,,,,,,,,,,,
G-NO-ZN,500,µ¸ÁÙ_ˆŸ‰”,d‰»Ü,136-53-8,,,,,,,,,,,,,,,,,,2-´ÁÙÍ·¼Ù_ˆŸ‰”,zinc bis(2-ethylhexanoate),Zinc bis(2-ethylhexanoate),,,2-‰³ŠîŒÈ_?,,,,,,,,,,,,,,,,,,,
G-NP-120,10,,Î–û÷‰,ND,,,,,,,,,,,,,,,,,,,,Petroleum resin,,,Î–û?‰,,,,,,,,,,,,,,,,,,,
G-NP-140,10,Î–û÷‰,Î–û÷‰,64742-16-1,,,,,,,,,,,,,,,,,,,,Petroleum resins,,Î–û÷‰,Î–û?‰,6-1073,,,,,,,,,,,,,,,,,,20230417
G-NP-140SOL,10,,Î–û÷‰,ND,,,,,,,,,,,,,,,,,,,,Petroleum resin,,,Î–û?‰,,,,,,,,,,,,,,,,,,,
G-NP-A,1,±¸ØÚ°Ä,±¸ØÙ÷‰,2223-82-7,,,,,115,,,,,,,,,,,,,ÈµÍßİÁÙ¸ŞØº°Ù¼Ş±¸ØÚ°Ä,neopentylglycol diacrylate,2_2-dimethyl-1_3-propanediyl diacrylate,,,V•è“ñ†“ñ•¸?_?,,,,,,,,,,,,,,,,,,,
G-NPA,1000,ÉÙÏÙÌßÛÊßÉ°Ù,ÌßÛËßÙ±Ùº°Ù,71-23-8,ŠY“–,0.001,,,24,371,13.5,2.1,97,2,,,,,,,,ÌßÛËßÙ±Ùº°Ù,1-propanol,1-propanol,•Ê•\‘æ9‚Ì494,ÌßÛËßÙ±Ùº°Ù,???,,,,,,,,,,0.01,,,,,,,,,
G-NPBZ,1000,N-ÌßÛËßÙÍŞİ¾Şİ,—L‹@—nÜ,103-65-1,,,,,,,,,,,,,,,,,,,,Benzene_ propyl-,,,,,,,,,,,,,,,,,,,,,,
G-NSD,1060,ĞÈ×Ù½ËßØ¯Ä,ĞÈ×Ù½ËßØ¯Ä,8052-41-3,,0.01,,,41,238,,,150,1.5,3,,,525,,5000,1,ĞÈ×Ù½ËßØ¯Ä,whitel spirit,Stoddard solvent,•Ê•\‘æ9‚Ì551,,Š±ô—n?,,,,,,,,,,0.01,‘æOí—L‹@—nÜ“™,54,,,1268,3,PETROLEUM DISTILLATES  N.O.S. or PETROLEUM PRODUCTS  N.O.S.,,20230417
G-NSD-N,1060,ĞÈ×Ù½ËßØ¯Ä,ĞÈ×Ù½ËßØ¯Ä,8052-41-3,,0.01,,,42,238,1,7,160,,,,,,,,,ĞÈ×Ù½ËßØ¯Ä,whitel spirit,Stoddard solvent,•Ê•\‘æ9‚Ì551,,Š±ô—n?,,,,,,,,,,0.01,‘æOí—L‹@—nÜ“™,54,,,1268,3,PETROLEUM DISTILLATES  N.O.S. or PETROLEUM PRODUCTS  N.O.S.,,20230417
G-NSO-220,1070,ĞÈ×Ù½ËßØ¯Ä,ĞÈ×Ù½ËßØ¯Ä_Î–û—¯•ª,64742-47-8,ŠY“–,0.01,,,118,,,,,,,,,,,,,ÎÜ²Ä½ËßØ¯Ä,white spirit,Distillates (petroleum)_ hydrotreated light,•Ê•\‘æ9‚Ì551,,Î–û‰Á???•ª,,,,,,,,,,0.01,‘æOí—L‹@—nÜ“™,54,,,1268,3,PETROLEUM DISTILLATES  N.O.S. or PETROLEUM PRODUCTS  N.O.S.,,20230417
G-OD-E-160,2,,ÎßØ´½ÃÙŒn÷‰,ND,,,,,,,,,,,,,,,,,,,,Polyester resin,,,ãÚ??‰,,,,,,,,,,,,,,,,,,,
G-OLEIC_ACID,600,µÚ²İ_,“Y‰ÁÜ,112-80-1,,,,,,,,,,,,,,,,,,µÚ²İ_,oleic acid_ pure,Oleic acid,,µÚ²İ_,–û_,,,,,,,,,,,,,,,,,,,
G-O-MN,500,Ïİ¶Şİ‹y‚Ñ‚»‚Ì‰»‡•¨,Ïİ¶Şİ‹y‚Ñ‚»‚Ì‰»‡•¨,15956-58-8,,,1-412,0.01,52,,,,,,,,,100,,,1,,,2-ethylhexanoic acid_ manganese salt,,2-´ÁÙÍ·»İ_Ïİ¶Şİ,?‹y‘´‰»‡•¨,2-615,,1-465,‘æˆêí,‘æˆêí,‘æ“ñ—Ş•¨¿,•Ê•\‘æ3‘æ2†33,0.01,ƒ}ƒ“ƒKƒ“‚Æ‚µ‚Ä0.05mg/m3,,,,,,,,,,20230508
G-OMNI-184,700,Œõd‡ŠJnÜ,Œõd‡ŠJnÜ,947-19-3,,,,,,,,,,,,,,,,,,1-ËÄŞÛ·¼¼¸ÛÍ·¼ÙÌªÆÙ¹Äİ,hydroxycyclohexyl phenyl ketone,hydroxycyclohexyl phenyl ketone,,,1-??ŒÈŠî??,,,,,,,,,,,,,,,,,,,
G-OMNI-651,700,ÍŞİ¼ŞÙ¼ŞÒÁÙ¹À°Ù,Œõd‡ŠJnÜ,24650-42-8,,,,,,,,,,,,,,,,,,2_2-¼ŞÒÄ·¼-1_2- ¼ŞÌªÆÙ´Àİ-1- µİ,2_2-dimethoxy-1_2-dihenylethan-1-one,2_2-dimethoxy-1_2-dihenylethan-1-one,,,2_2-“ñb?Šî-?Šî‰³?,,,,,,,,,,,,,,,,,,,
G-OMNI-MBF,700,Œõd‡ŠJnÜ,Œõd‡ŠJnÜ,15206-55-0,,,,,,,,,,,,,,,,,,,,,,,,,,,,,,,,,,,,,,,,,,
G-OZN,500,_‰»ˆŸ‰”,_‰»ˆŸ‰”,1314-13-2,ŠY“–,0.001,,,,,,,,,,,,,,,,_‰»ˆŸ‰”,zinc oxide,Zinc oxide,•Ê•\‘æ9‚Ì188,_‰»ˆŸ‰”,?‰»?,,,,,,,,,,0.01,,,,,,,,,
G-P-138,8,,Ò×Ğİ÷‰,ND,,,,,,,,,,,,,,,,,,,,Melamine resin,,,OãÚ???‰,,,,,,,,,,,,,,,,,,,
G-P-140,10,…“YÎ–û÷‰,Î–û÷‰,69430-35-9,,,,,210,270,,,,,,,,,,,,,,Hydrocarbons_ C6-20_ polymers_ hydrogenated,,,Î–û?‰,,,,,,,,,,,,,,,,,,,
G-P-140SOL(50PXOL),10,,Î–û÷‰,ND,,,,,,,,,,,,,,,,,,,,Petroleum resin,,,Î–û?‰,,,,,,,,,,,,,,,,,,,
G-P-196M,8,,Ò×Ğİ÷‰,ND,,,,,,,,,,,,,,,,,,,,Melamine resin,,,OãÚ???‰,,,,,,,,,,,,,,,,,,,
G-P-3300,6,,ÎßØ²¿¼±È°Ä÷‰,ND,,,,,,,,,,,,,,,,,,,,Polyisocyanate resin,,,ãÚ??_??‰,,,,,,,,,,,,,,,,,,,
G-P-470-LO-60,2,,ÎßØ´½ÃÙŒn÷‰,ND,,,,,,,,,,,,,,,,,,,,Polyester resin,,,ãÚ??‰,,,,,,,,,,,,,,,,,,,
G-PB-24P,500,,d‰»Ü,ND,,,,,,,,,,,,,,,,,,,,,,,d‰»?,,,,,,,,,,,,,,,,,,,
G-P-BC,500,¼Ş¸ĞÙÊß°µ·»²ÄŞ,¼Ş¸ĞÙÊß°µ·»²ÄŞ,80-43-3,,,1í(330),0.01,,,,,,,,,,,,,,,,2-Phenyl-2-[(2-phenylpropan-2-yl)peroxy]propane,,,??‰»“ñ?•¸?,,,,,,,,,,,,,,,,,,,
G-PETA3,1,±¸ØÚ°Ä÷‰,±¸ØÙ÷‰,3524-68-3,,,,,,,,,,,,,,,,,,ÍßİÀ´Ø½ØÄ°ÙÄØ±¸ØÚ°Ä,pentaerythritol triacrylate,2-[(Acryloyloxy)methyl]-2-(Hydroxymethyl)propane-1_3-diyl diacrylate,,ÍßİÀ´Ø½ØÄ°ÙÄØ±¸ØÚ°Ä,‹G•èl†O•¸?_?,,,,,,,,,,,,,,,,,,,
G-PETA4,1,±¸ØÚ°Ä÷‰,±¸ØÙ÷‰,4986-89-4,,,,,,,,,,,,,,,,,,,,2_2-Bis[(acryloyloxy)methyl]propane-1_3-diyl diacrylate,,ÍßİÀ´Ø½ØÄ°ÙÃÄ×±¸ØÚ°Ä,•¸?_?‰,,,,,,,,,,,,,,,,,,,
G-PF-656,600,,“Y‰ÁÜ,ND,,,,,,,,,,,,,,,,,,,,Ether of polymer of boron trifluoro(tetrahydrofuran)/3-methyl-3-[(2_2_3_3_3-pentafluoropropoxy)methyl]oxetane with 2_2-dimethylpropane-1_3-diol(2:1),,ƒgƒŠƒtƒ‹ƒIƒiƒeƒgƒ‰ƒqƒhƒƒtƒ‰ƒ“jƒzƒE‘fE‚R|ƒƒ`ƒ‹|‚R|mi‚QC‚QC‚RC‚RC‚R|ƒyƒ“ƒ^ƒtƒ‹ƒIƒƒvƒƒ|ƒLƒVjƒƒ`ƒ‹nƒIƒLƒZƒ^ƒ“d‡•¨‚Æ‚QC‚Q|ƒWƒƒ`ƒ‹ƒvƒƒpƒ“|‚PC‚R|ƒWƒI[ƒ‹‚ÌƒG[ƒeƒ‹i‚QF‚Pj,,,,,,,,,,,,,,,,,,,,
G-P-GREEN,800,Ëß¸ŞÒİÄ¸ŞØ°İ7,“º‹y‚Ñ‚»‚Ì‰»‡•¨,1328-53-6,,,,,,,,,,,,,,,,,,‰–‘f‰»ÌÀÛ¼±Æİ¸ŞØ°İ,C.I.Pigment Green 7,C.I. Pigment Green 7,•Ê•\‘æ9‚Ì379,Ëß¸ŞÒİÄ¸ŞØ°İ-7,?—¿? 7,,,,,,,,,,,,,,,,,,,
G-PIG-BLK-26,800,Ëß¸ŞÒİÄÌŞ×¯¸26,Ïİ¶Şİ‹y‚Ñ‚»‚Ì–³‹@‰»‡•¨,68186-94-7,ŠY“–,0.001,,,,,,,,,,,,,,,,,,C.I. Pigment black 26,•Ê•\‘æ9‚Ì550,Ëß¸ŞÒİÄÌŞ×¯¸26,?—¿üK26,,,,,,,,,,0.01,,,,,,,,,
G-PIG-BLU-15,800,Ëß¸ŞÒİÄÌŞÙ°-15,“º‹y‚Ñ‚»‚Ì‰»‡•¨,147-14-8,,,,,,,,,,,,,,,,,,ÌÀÛ¼±ÆİÌŞÙ°,C.I.Pigment Blue 15,Copper_ phthalocyaninato-,•Ê•\‘æ9‚Ì379,,?—¿? 15,,,,,,,,,,,,,,,,,,,
G-PIG-RED-170,800,C.I.Pigment Red 170,Šç—¿,2786-76-7,,,,,,,,,,,,,,,,,,,,,,,,,,,,,,,,,,,,,,,,,,
G-PIG-VIO-23,800,C.I. Pigment Violet 23,Šç—¿,6358-30-1,,,,,,,,,,,,,,,,,,,,C.I. Pigment Violet 23,,¼Şµ·»¼ŞİÊŞ²µÚ¯Ä,?—¿‡23,,,,,,,,,,,,,,,,,,,
G-PINK-478,900,Orasol Pink 478,õ—¿,61969-48-0,,,,,,,,,,,,,,,,,,,,Solvent Red 127,,¿ÙÍŞİÄÚ¯ÄŞ127,—n??127,,,,,,,,,,,,,,,,,,,
G-PINK-5BLG,900,,õ—¿,ND,,,,,,,,,,,,,,,,,,,,,,,,,,,,,,,,,,,,,,,,,,
G-PINK-5BLG,900,¿ÙÍŞİÄÚ¯ÄŞ127,¸ÛÑ‹y‚Ñ‚»‚Ì‰»‡•¨,33270-70-1,,,1í(87),0.01,,,,,,,,,,,,,,,,Hydrogen bis[2_4-dihydro-4-[(2-hydroxy-4-nitrophenyl)azo]-5-methyl-2-phenyl-3H-pyrazol-3-onato(2-)]chromate(1-),•Ê•\‘æ9‚Ì142,,?‹y‘´‰»‡•¨,,,,,,,,,,,,,,,,,,,
G-PM,1000,ÌßÛËßÚİ¸ŞØº°ÙÓÉÒÁÙ´°ÃÙ,ÌßÛËßÚİ¸ŞØº°ÙÓÉÒÁÙ´°ÃÙ,107-98-2,ŠY“–,0.01,,,32,270,1.5,13.7,120,12.5,,,,,,,,ÌßÛËßÚİ¸ŞØº°ÙÓÉÒÁÙ´°ÃÙ,propyleneglycol monoethylether,2-Propanol_ 1-methoxy-,•Ê•\‘æ9‚Ì496,ÌßÛËßÚİ¸ŞØº°ÙÓÉÒÁÙ´°ÃÙ,•¸“ñ†?b?,2-404 7-97,,,,,,,,,0.01,,,,,3092,3,1-METHOXY-2-PROPANOL,,
G-P-M,600,,“Y‰ÁÜ,ND,,,,,,,,,,,,,,,,,,,,,,,,,,,,,,,,,,,,,,,,,,
G-PM-2,1,±¸ØÚ°Ä÷‰,±¸ØÙ÷‰,32435-46-4,,,,,,,,,,,,,,,,,,,,Bis(methacryloyloxyethyl) hydrogen phosphate,,ËŞ½(2-ÒÀ¸ØÛ²Ùµ·¼´ÁÙ)Øİ_´½ÃÙ,•¸?_?‰,2-2910,,,,,,,,,,,,,,,,,,
G-PMA,1000,ÌßÛËßÚİ¸ŞØº°ÙÓÉÒÁÙ´°ÃÙ±¾Ã°Ä,—L‹@—nÜ,108-65-6,,,,,46.5,344,1.5,7,146,0.5,4.6,0.3,,,,8532,1,ÌßÛËßÚİ¸ŞØº°ÙÓÉÒÁÙ´°ÃÙ±¾Ã°Ä,2-methoxy-1-methylethyl acetate,2-Propanol_ 1-methoxy-_ acetate,,1-ÒÄ·¼-2-ÌßÛÊßÉ°Ù±¾À°Ä,•¸“ñ†b?çÊ_?,,,,,,,,,,,,,,,1993,3,FLAMMABLE LIQUID  N.O.S.,,20230425
G-PMDI,500,ÍßİÀÒÁÙ¼Ş²¿¼±È°Ä,d‰»Ü,4538-42-5,,,,,,,,,,,,,,,,,,,,1_5-Diisocyanatopentane,,ÍßİÀÒÁÙ¼Ş²¿¼±È°Ä,1_5-“ñ??_ª‡•è?,,,,,,,,,,,,,,,,,,,
G-POTM,600,Øİ_ÄØÒÁÙ,“Y‰ÁÜ,512-56-1,,0.001,,,,,,,,,,,,,,,,,,Trimethyl phosphate,•Ê•\‘æ9‚Ì628‚Ì2:—ß˜a6”N4Œ1“ú{s,Øİ_ÄØÒÁÙ,?_Ob?,2-2000,,,,,,,,,0.001,,,,,,,,,20230425
G-PR-S-KAI-SOL,10,,Î–û÷‰,ND,,,,,,,,,,,,,,,,,,,,Petroleum resin,,,Î–û?‰,,,,,,,,,,,,,,,,,,,
G-PROPYLEN-CARBO,700,ÌßÛËßÚİ¶°ÎŞÈ°Ä,Œõd‡ŠJnÜ,108-32-7,,,,,,,,,,,,,,,,,,,,Photo initiator,,ÌßÛËßÚİ¶°ÎŞÈ°Ä,ŒõãÚ‡ˆø??,,,,,,,,,,,,,,,,,,,
G-QTN-1325,10,Î–û÷‰,Î–û÷‰,67953-57-5,,,,,,,,,,,,,,,,,,,,4_7-Methano-1H-indene_ 3a_4_7_7a-tetrahydro-_ polymer with 1_3-cyclopentadiene_ cyclopentene_ 1-hexene_ 2-methyl-2-butene_ 1_3-pentadiene_ 1-pentene and 2-pentene,,,Î–û?‰,,,,,,,,,,,,,,,,,,,20230508
G-R-140,9,,–û•Ï«³ÚÀİ÷‰,ND,,,,,,,,,,,,,,,,,,,,Oil-modified urethane resin,,,–û‰ü«“IãÚ???‰,,,,,,,,,,,,,,,,,,,
G-R-684,1,±¸ØÚ°Ä÷‰,±¸ØÙ÷‰,42594-17-2,,,,,,,,,,,,,,,,,,,,Octahydro-4_7-methano-1H-indene-5_?-diylbis(methylene) diacrylate,,¸ÀËÄŞÛ-4_7-ÒÀÉ-1H-²İÃŞİ-5_?-¼Ş²ÙËŞ½(ÒÁÚİ)=¼Ş±¸Ø×°Ä,•¸?_?‰,,,,,,,,,,,,,,,,,,,
G-R-700,800,_‰»ÁÀİ,_‰»ÁÀİ,13463-67-7,ŠY“–,0.001,,,,,,,,,,,,,,7500,1,_‰»ÁÀİ,titanium dioxide,Titanium dioxide,•Ê•\‘æ9‚Ì191,,“ñ?‰»?,,,,,,,,,,0.01,,,,,,,,,
G-R-E,600,•Ï«Û¼Şİ´½ÃÙ,•Ï«Û¼Şİ´½ÃÙ,68475-37-6,,,,,,,,,,,,,,,,,,,,Polymer of propane-1_2_3-triol / resin acids / rosin acids,,,,,,,,,,,,,,,,,,,,,,
G-RCM-100,600,ÌÛ°ÉİRCM-100,“Y‰ÁÜ,ND,,,,,,,,,,,,,,,,,,,,,,,,,,,,,,,,,,,,,,,,,,
G-RED-3304Z,900,¸ÛÑ‹y‚Ñ‚»‚Ì‰»‡•¨,¸ÛÑ‹y‚Ñ‚»‚Ì‰»‡•¨,33270-70-1,,,1í(87),0.01,,,,,,,,,,,,,,,,Hydrogen bis[2_4-dihydro-4-[(2-hydroxy-4-nitrophenyl)azo]-5-methyl-2-phenyl-3H-pyrazol-3-onato(2-)]chromate(1-),•Ê•\‘æ9‚Ì142,,?‹y‘´‰»‡•¨,,,,,,,,,,,,,,,,,,,
G-RED-3306Z,900,,¸ÛÑ‹y‚Ñ‚»‚Ì‰»‡•¨,ND,,,,,-2,,,,80,,,,,,,,,,,,,,,,,,,,,,,,,,,,,,,,,
G-RED-3RA,800,C.I.Ëß¸ŞÒİÄÚ¯ÄŞ146,Šç—¿,5280-68-2,,,,,,,,,,,,,,,,,,,,N-(4-Chloro-2_5-dimethoxyphenyl)-3-hydroxy-4-({2-methoxy-5-[(phenylamino)carbonyl]phenyl}diazenyl)naphthalene-2-carboxamide,,C.I.Ëß¸ŞÒİÄÚ¯ÄŞ146,,,,,,,,,,,,,,,,,,,,
G-RS-56,600,Ò¶ŞÌ§¯¸ RS-56,“Y‰ÁÜ,ND,,,,,,,,,,,,,,,,,,,,,,,,,,,,,,,,,,,,,,,,,,
G-RS-76-E,600,Ò¶ŞÌ§¯¸ RS-76-E,“Y‰ÁÜ,ND,,,,,,,,,,,,,,,,,,,,,,,,,,,,,,,,,,,,,,,,,,
G-RED-BRT,800,,Šç—¿,ND,,,,,,,,,,,,,,,,,,,,,,,,,,,,,,,,,,,,,,,,,,
G-RUA-051,1,,±¸ØÙ÷‰,ND,,,,,,,,,,,,,,,,,,,,,,,,,,,,,,,,,,,,,,,,,,
G-RUBBER,30,“V‘RºŞÑ,“V‘RºŞÑ,9006-04-6,,,,,,,,,,,,,,,,,,,,Rubber_natural,,,“V‘R“É?,,,,,,,,,,,,,,,,,,,
G-RWX,500,×³Û²ÙÊß°µ·»²ÄŞ,d‰»Ü,105-74-8,,,,,,,,,,,,,,,,,,,,Dilauroyl peroxide,,×³Û²Ù=ÍßÙµ·¼ÄŞ,d‰»?,,,,,,,,,,,,,,,,,,,
G-S,500,—°‰©,d‰»Ü,7704-34-9,,,,,,,,,,,,,,,,,,,,Curing agent,,—°‰©,—°?,,,,,,,,,,,,,,,,,,,
G-S2012A,600,,“Y‰ÁÜ,ND,,,,,,,,,,,,,,,,,,,,,,,,,,,,,,,,,,,,,,,,,,
G-S-65,600,,“Y‰ÁÜ,ND,,,,,,,,,,,,,,,,,,,,,,,,,,,,,,,,,,,,,,,,,,
G-S-707-IM,1,,±¸ØÙ÷‰,ND,,,,,,,,,,,,,,,,,,,,Acrylic resin,,,•¸?_?‰,,,,,,,,,,,,,,,,,,,
G-S-720,1,,±¸ØÙ÷‰,ND,,,,,,,,,,,,,,,,,,,,Acrylic resin,,,•¸?_?‰,,,,,,,,,,,,,,,,,,,
G-S-745,1,,±¸ØÙ÷‰,ND,,,,,,,,,,,,,,,,,,,,Acrylic resin,,,•¸?_?‰,,,,,,,,,,,,,,,,,,,
G-S-75P,500,¼Ş²¿ÌßÛÎß·¼ ±ÙĞÆ³Ñ ´ÁÙ ±¾Ä±¾Ã°Ä,d‰»Ü,14782-75-3,,,,,,,,,,,,,,,,,,,,(ethyl 3-oxobutyrato-O1'_O3)bis(propan-2-olato)aluminium,,¼Ş²¿ÌßÛÎß·¼ ±ÙĞÆ³Ñ ´ÁÙ ±¾Ä±¾Ã°Ä,d‰»?,,,,,,,,,,,,,,,,,,,
G-SAKUBUTI,1040,|_-n-ÌŞÁÙ,|_-n-ÌŞÁÙ,123-86-4,ŠY“–,0.01,,,28,425,1.4,7.5,126.1,1.3,4,1,,150,100,14000,1,|_ÌŞÁÙ,n-butyl acetate,n-Butyl acetate,•Ê•\‘æ9‚Ì181,,‰³_’š?,2-731,,,,,,,,150ppm,0.01,‘æ“ñí—L‹@—nÜ“™,19,,,1123,3,BUTYL ACETATES,2915.33,20230425
G-SAKUETI,1030,|_´ÁÙ,|_´ÁÙ,141-78-6,ŠY“–,0.01,,,-3,427,2.2,11.4,77,9.7,3,4.1,400,400,200,5620,1,|_´ÁÙ,ethyl acetate,Ethyl acetate,•Ê•\‘æ9‚Ì177,,‰³_‰³?,2-726,,,,,,,,200ppm,0.01,‘æ“ñí—L‹@—nÜ“™,18,­—ßEŒ€•¨,­—ß‘æ2ğ‘æ1€‘æ30†‚Ì3,1173,3,ETHYL ACETATE,2915.31,20230417
G-SAKUMETI,1031,|_ÒÁÙ,|_ÒÁÙ,79-20-9,ŠY“–,0.01,,,-13,454,3.1,16,56.9,,0.927,2.8,,200,200,5000,,|_ÒÁÙ,methyl acetate,Methyl acetate,•Ê•\‘æ9‚Ì185,,‰³_b?,,,,,,,,,,0.01,,,,,,,,,
G-SANSEPARER100,600,2-´ÁÙÍ·¼Ù½ÙÎºÊ¸_ÅÄØ³Ñ,“Y‰ÁÜ,577-11-7,,,,,,,,,,,,,,,,,,2-´ÁÙÍ·¼Ù½ÙÎºÊ¸_ÅÄØ³Ñ,docusate sodium,Sodium 1_4-bis[(2-ethylhexyl)oxy]-1_4-dioxobutane-2-sulfonate,,¼Ş-2-´ÁÙÍ·¼Ù½ÙÎºÊ¸_ÅÄØ³Ñ,‘½???,,,,,,,,,,,,,,,,,,,
G-SE-5377,1,,±¸ØÙ÷‰,ND,,,,,,,,,,,,,,,,,,,,Acrylic resin,,,•¸?_?‰,,,,,,,,,,,,,,,,,,,
G-SHELL-DIBK,1000,,—L‹@—nÜ,ND,,,,,,,,,,,,,,,,,,,,,,,,,,,,,,,,,,,,,,,,,,
G-SI-GEL,6000,¼Ø¶¹ŞÙ,‰Á‚µÜ,112926-00-8,,,,,,,,,,,,,,,,,,ÎÜ²Ä¶°ÎŞİ{ŠÜ…”ñ»¿“ñ_‰»¹²‘f},amorphous precipitated sillica,amorphous precipitated sillica,,¼Ø¶¹ŞÙ,??,,,,,,,,,,,,,,,,,,,
G-SI-M150,1,,±¸ØÙ÷‰,ND,,,,,,,,,,,,,,,,,,,,Acrylic resin,,,•¸?_?‰,,,,,,,,,,,,,,,,,,,
G-SK-9195,2,SK-9195,ÎßØ´½ÃÙŒn÷‰,ND,,,,,,,,,,,,,,,,,,,,Polyester resin,,,ãÚ??‰,,,,,,,,,,,,,,,,,,,
G-S-L,1000,’¼½C5~20Êß×Ì¨İÎ–û,—L‹@—nÜ,64771-72-8,,,,,66,225,0.6,5.1,182,,5.5,,,,,,1,,,Paraffins (petroleum)_ normal C5-20,,’¼½(C5~20)Êß×Ì¨İ(Î–û),,,,,,,,,,,,,,,,,,,,
G-SNO2,600,_‰»½½Ş,‚·‚¸‹y‚Ñ‚»‚Ì‰»‡•¨,18282-10-5,,,,,,,,,,,,,,,,,,“ñ_‰»à,tin(‡W) oxide,Tin dioxide,•Ê•\‘æ9‚Ì322,_‰»ƒXƒYi‚h‚uj,?‰»?,,,,,,,,,,,,,,,,,,,
G-SOL100,1000,¿ÙÍŞ¯¿100,—L‹@—nÜ,ND,,,,,,,,,,,,,,,,,,,,,,,,,,,,,,,,,,,,,,,,,,
G-SOL-AL,7,¸ÛÛ´Ãİ¥´ÃÉ°Ù¥ËŞÆÙ=±¾À°Äd‡•¨,ËŞÆÙ÷‰,25086-48-0,,,,,,,,,,,,,,,,,,,,Polymer of chloroethene / ethenol / vinyl acetate,,¸ÛÛ´Ãİ¥´ÃÉ°Ù¥ËŞÆÙ=±¾À°Äd‡•¨,‰³?Šî?‰,,,,,,,,,,,,,,,,,,,
G-SOL-BLK-27,900,¿ÙÍŞİÄ ÌŞ×¯¸-27,õ—¿,12237-22-8,,,,,,,,,,,,,,,,,,,,Solvent Black 27,,¿ÙÍŞİÄ ÌŞ×¯¸-27,,,,,,,,,,,,,,,,,,,,
G-SOL-BLK-34,900,ËŞ½[1-[(2-ËÄŞÛ·¼-4-ÆÄÛÌªÆÙ)±¿Ş]-2-ÅÌÀÚÉ×Ä(2-)]¸ÛÑ_…‘f,¸ÛÑ‹y‚Ñ‚»‚Ì‰»‡•¨,32517-36-5,,,1í(87),0.01,,,,,,,,,,,,,,,,Hydrogen bis[1-[(2-hydroxy-4-nitrophenyl)azo]-2-naphtholato(2-)]chromate(1-),•Ê•\‘æ9‚Ì142,ËŞ½[1-[(2-ËÄŞÛ·¼-4-ÆÄÛÌªÆÙ)±¿Ş]-2-ÅÌÀÚÉ×Ä(2-)]¸ÛÑ_…‘f,?‹y‘´‰»‡•¨,,,,,,,,,,,,,,,,,,,
G-SOL-BLU-70,900,Copper_ [29H_31H-phthalocyaninetetrasulfonamidato(2-)-N29_N30_N31_N32]-_ N-(2-ethylhexyl and 3-methoxypropyl) derivs.,õ—¿,73018-43-6,,,,,,,,,,,,,,,,,,,,Copper_ [29H_31H-phthalocyaninetetrasulfonamidato(2-)-N29_N30_N31_N32]-_ N-(2-ethylhexyl and 3-methoxypropyl) derivs.,,,?‹y‘´‰»‡•¨,,,,,,,,,,,,,,,,,,,
G-SOL-M5,7,¿ÙÊŞ²İM5,ËŞÆÙ÷‰,ND,,,,,,,,,,,,,,,,,,,,Vinyl resin,,,?‹y‘´‰»‡•¨,,,,,,,,,,,,,,,,,,,
G-SOL-ORA-62,900,ËŞ½[2_4-¼ŞËÄŞÛ-4-[(2-ËÄŞÛ·¼-5-ÆÄÛÌªÆÙ)±¿Ş]-5-ÒÁÙ-2-ÌªÆÙ-3H-Ëß×¿Ş°Ù-3-µÅÄ(2-)]¸ÛÑ_…‘f,¸ÛÑ‹y‚Ñ‚»‚Ì‰»‡•¨,52256-37-8,,,1í(87),0.01,,,,,,,,,,,,,,,,Hydrogen bis[2_4-dihydro-4-[(2-hydroxy-5-nitrophenyl)azo]-5-methyl-2-phenyl-3H-pyrazol-3-onato(2-)]chromate(1-),•Ê•\‘æ9‚Ì142,,?‹y‘´‰»‡•¨,,,,,,,,,,,,,,,,,,,
G-SOL-RED-8,900,ËŞ½[2_4-¼ŞËÄŞÛ-4-[(2-ËÄŞÛ·¼-4-ÆÄÛÌªÆÙ)±¿Ş]-5-ÒÁÙ-2-ÌªÆÙ-3H-Ëß×¿Ş°Ù-3-µÅÄ(2-)]¸ÛÑ_…‘f,¸ÛÑ‹y‚Ñ‚»‚Ì‰»‡•¨,33270-70-1,,,1í(87),0.01,,,,,,,,,,,,,,,,Hydrogen bis[2_4-dihydro-4-[(2-hydroxy-4-nitrophenyl)azo]-5-methyl-2-phenyl-3H-pyrazol-3-onato(2-)]chromate(1-),•Ê•\‘æ9‚Ì142,,?‹y‘´‰»‡•¨,,,,,,,,,,,,,,,,,,,
G-SOL-VLT-21,900,C.I.¿ÙÍŞİÄÊŞ²µÚ¯Ä21,õ—¿,39290-77-2,,,,,,,,,,,,,,,,,,,,C.I. Solvent Violet 21,,,?‹y‘´‰»‡•¨,,,,,,,,,,,,,,,,,,,
G-SOL-YEL-21,900,ËŞ½[2-[(4_5-¼ŞËÄŞÛ-3-ÒÁÙ-5-µ·¿-1-ÌªÆÙ-1H-Ëß×¿Ş°Ù-4-²Ù)±¿Ş]ÍŞİ¿Ş±Ä(2-)]¸ÛÑ_…‘f,¸ÛÑ‹y‚Ñ‚»‚Ì‰»‡•¨,5601-29-6,,,1í(87),0.01,,,,,,,,,,,,,,,,Hydrogen bis[2-[(4_5-dihydro-3-methyl-5-oxo-1-phenyl-1H-pyrazol-4-yl)azo]benzoato(2-)]chromate(1-),•Ê•\‘æ9‚Ì142,,?‹y‘´‰»‡•¨,,,,,,,,,,,,,,,,,,,
G-SONOTA,9999,,‚»‚Ì‘¼“Y‰ÁÜA—L‹@—nÜ“™,ND,,,,,,,,,,,,,,,,,,,,Other additives_ such as organic solvents,,,‘´‘¼“Y‰Á?A—LŠ÷—n?“™,,,,,,,,,,,,,,,,,,,
G-SONOTA-AROMA,1000,,—L‹@—nÜ,ND,,,,,,,,,,,,,,,,,,,,,,,,,,,,,,,,,,,,,,,,,,
G-SP-224H,5,,–§’…•t—^÷‰,ND,,,,,,,,,,,,,,,,,,,,Adhesion imparting resin,,,”S’…?‰,,,,,,,,,,,,,,,,,,,
G-SP-370M,5,½°Êß°¸Ûİ370M,–§’…•t—^Ü,ND,,,,,,,,,,,,,,,,,,,,,,,,,,,,,,,,,,,,,,,,,,
G-SP-813A,5,,–§’…•t—^÷‰,ND,,,,,,,,,,,,,,,,,,,,Adhesion imparting resin,,,”S’…?‰,,,,,,,,,,,,,,,,,,,
G-SPEEDCURE,700,Œõd‡ŠJnÜ,Œõd‡ŠJnÜ,82799-44-8,,,,,,,,,,,,,,,,,,,,2_4-diethyl-9H-thioxanthen-9-one,,2_4-¼Ş´ÁÙÁµ·»İÃİ-9-µİ,,,,,,,,,,,,,,,,,,,,20230417
G-SP-L206,5,,–§’…•t—^÷‰,ND,,,,,,,,,,,,,,,,,,,,Adhesion imparting resin,,,”S’…?‰,,,,,,,,,,,,,,,,,,,
G-SR-2400,12,,¼Øºİ÷‰,ND,,,,,,,,,,,,,,,,,,,,Silicon resin,,,áé?‰,,,,,,,,,,,,,,,,,,,
G-SR2MGSL2O7:EU_DY,810,Õ°ÛËß³Ñ_¼Ş½ÌßÛ¼³Ñ•tŠˆ¹²_½ÄÛİÁ³Ñ¥Ï¸ŞÈ¼³Ñ,’~ŒõŠç—¿,181828-07-9,,,,,,,,,,,,,,,,,,,,Silicic acid (H6Si2O7)_ magnesium strontium salt (1:1:2)_ dysprosium and europium-doped,,,,,,,,,,,,,,,,,,,,,,
G-SR4AL14O25,810,±ÙĞİ_½ÄÛİÁ³Ñ,’~ŒõŠç—¿,76125-60-5,,,,,,,,,,,,,,,,,,,,Tetradecaaluminium tetrastrontium pentacosaoxide,,,,,,,,,,,,,,,,,,,,,,
G-SS-1/4NC,13,ÆÄÛ¾ÙÛ°½Ş,ÆÄÛ¾ÙÛ°½Ş,9004-70-0,ŠY“–,0,,,,,,,,,,,,,,,,É‰»–È,cellulose nitrate,Cellulose_ nitrate,•Ê•\‘æ9‚Ì424,,É_??‘f,8-176,,,,,,,,,0,,,,,340,1.1,NITROCELLULOSE  dry or wetted with less than 25% water (or alcohol)  by mass,,
G-STA,600,½Ã±Øİ_,“Y‰ÁÜ,57-11-4,,,,,,,,,,,,,,,,,,½Ã±Øİ_,stearic acid_ pure,Stearic acid,,,d‰_,2-608,,,,,,,,,,,,,,,,,2915.7,20230508
G-STL,20,½ÁÚİ,½ÁÚİ,100-42-5,ŠY“–,0.001,1-240,,32,490,1.1,6.1,145.8,0.6,3.6,,,50,20,5000,1,½ÁÚİ,stylene,Styrene,•Ê•\‘æ9‚Ì323,,?‰³?,3-4,—Dæ•]‰¿‰»Šw•¨¿,1-275,‘æˆêí,‘æˆêí,‘æ“ñ—Ş•¨¿,22.2,0.01,20ppm,0.003,,,,,2055,3,STYRENE MONOMER  STABILIZED,2902.5,
G-STODDARD-SOL,1060,ĞÈ×Ù½ËßØ¯Ä,ĞÈ×Ù½ËßØ¯Ä,8052-41-3,,0.01,,,42,,,,154,,,,,,,,1,ĞÈ×Ù½ËßØ¯Ä,whitel spirit,Stoddard solvent,•Ê•\‘æ9‚Ì551,,Š±ô—n?,,,,,,,,,,0.01,‘æOí—L‹@—nÜ“™,54,,,1268,3,PETROLEUM DISTILLATES  N.O.S. or PETROLEUM PRODUCTS  N.O.S.,,20230417
GT-0670TS-SOL,800,,Šç—¿,ND,,,,,,,,,,,,,,,,,,,,,,,,,,,,,,,,,,,,,,,,,,
G-T-087,2,,ÎßØ´½ÃÙŒn÷‰,ND,,,,,,,,,,,,,,,,,,,,Polyester resin,,,ãÚ??‰,,,,,,,,,,,,,,,,,,,
GT-1/100MEHQ(BA),,,,ND,,,,,,,,,,,,,,,,,,,,,,,,,,,,,,,,,,,,,,,,,,
GT-1/10DIS1952(BA),,,,ND,,,,,,,,,,,,,,,,,,,,,,,,,,,,,,,,,,,,,,,,,,
GT-1/10DIS2150#(BC),,,,ND,,,,,,,,,,,,,,,,,,,,,,,,,,,,,,,,,,,,,,,,,,
GT-1/10GG(MIBK),,,,ND,,,,,,,,,,,,,,,,,,,,,,,,,,,,,,,,,,,,,,,,,,
GT-1/10PM-2(N-BOH),,,,ND,,,,,,,,,,,,,,,,,,,,,,,,,,,,,,,,,,,,,,,,,,
GT-1/2-DMBI(BA),,,,ND,,,,,,,,,,,,,,,,,,,,,,,,,,,,,,,,,,,,,,,,,,
GT-1/2-DMBI(SAKUETI),,,,ND,,,,,,,,,,,,,,,,,,,,,,,,,,,,,,,,,,,,,,,,,,
GT-1/2KIP-150(MEK),,,,ND,,,,,,,,,,,,,,,,,,,,,,,,,,,,,,,,,,,,,,,,,,
GT-1/3KIP-150(BCELL),,,,ND,,,,,,,,,,,,,,,,,,,,,,,,,,,,,,,,,,,,,,,,,,
GT-1/50NAA180,,,,ND,,,,,,,,,,,,,,,,,,,,,,,,,,,,,,,,,,,,,,,,,,
G-T-100,6,,ÎßØ²¿¼±È°Ä÷‰,ND,,,,,,,,,,,,,,,,,,,,Polyisocyanate resin,,,ãÚ??_??‰,,,,,,,,,,,,,,,,,,,
GT-1140BSOL,,,,ND,,,,,,,,,,,,,,,,,,,,,,,,,,,,,,,,,,,,,,,,,,
GT-120TY-SOL,,,,ND,,,,,,,,,,,,,,,,,,,,,,,,,,,,,,,,,,,,,,,,,,
G-T-153,4,,ÌªÉ°Ù÷‰,ND,,,,,,,,,,,,,,,,,,,,Phenolic resin,,,???‰,,,,,,,,,,,,,,,,,,,
G-T-17P-2,6000,,‰Á‚µÜ,ND,,,,,,,,,,,,,,,,,,,,,,,,,,,,,,,,,,,,,,,,,,
G-T-20P-2,6000,,‰Á‚µÜ,ND,,,,,,,,,,,,,,,,,,,,,,,,,,,,,,,,,,,,,,,,,,
GT-271A-KAMA,9,,–û•Ï«³ÚÀİ÷‰,ND,,,,,,,,,,,,,,,,,,,,Oil-modified urethane resin,,,–û‰ü«“IãÚ???‰,,,,,,,,,,,,,,,,,,,
GT-271ASOL(1000#),,,,ND,,,,,,,,,,,,,,,,,,,,,,,,,,,,,,,,,,,,,,,,,,
GT-3300M-CL,,,,ND,,,,,,,,,,,,,,,,,,,,,,,,,,,,,,,,,,,,,,,,,,
GT-3300-TH,,,,ND,,,,,,,,,,,,,,,,,,,,,,,,,,,,,,,,,,,,,,,,,,
GT-3600S-TH,,,,ND,,,,,,,,,,,,,,,,,,,,,,,,,,,,,,,,,,,,,,,,,,
G-T-4000,11,,ÎßØÌŞÀ¼Ş´İ÷‰,ND,,,,,,,,,,,,,,,,,,,,Polybutadiene resin,,,ãÚ’š“ñ??‰,,,,,,,,,,,,,,,,,,,
GT-4055SOL,,,,ND,,,,,,,,,,,,,,,,,,,,,,,,,,,,,,,,,,,,,,,,,,
GT-4120TY-SOL,,,,ND,,,,,,,,,,,,,,,,,,,,,,,,,,,,,,,,,,,,,,,,,,
GT-50P-KAMA,,,,ND,,,,,,,,,,,,,,,,,,,,,,,,,,,,,,,,,,,,,,,,,,
GT-514SOL,,,,ND,,,,,,,,,,,,,,,,,,,,,,,,,,,,,,,,,,,,,,,,,,
G-T-80,6,,ÎßØ²¿¼±È°Ä÷‰,ND,,,,,,,,,,,,,,,,,,,,Polyisocyanate resin,,,ãÚ??_??‰,,,,,,,,,,,,,,,,,,,
GT-97-0078-SOL,,,,ND,,,,,,,,,,,,,,,,,,,,,,,,,,,,,,,,,,,,,,,,,,
G-TA-10P-5,6000,ÎßØµÚÌ¨İ,‰Á‚µÜ,ND,,,,,,,,,,,,,,,,,,,,,,,,,,,,,,,,,,,,,,,,,,
GT-AL-P300-25,,,,ND,,,,,,,,,,,,,,,,,,,,,,,,,,,,,,,,,,,,,,,,,,
G-TE-10P-5,6000,ÎßØµÚÌ¨İ,‰Á‚µÜ,ND,,,,,,,,,,,,,,,,,,,,,,,,,,,,,,,,,,,,,,,,,,
GT-BL-GANRYOU(AKA),,,,ND,,,,,,,,,,,,,,,,,,,,,,,,,,,,,,,,,,,,,,,,,,
GT-BL-GANRYOU(AO),,,,ND,,,,,,,,,,,,,,,,,,,,,,,,,,,,,,,,,,,,,,,,,,
GT-BL-GANRYOU-AK(IH),,,,ND,,,,,,,,,,,,,,,,,,,,,,,,,,,,,,,,,,,,,,,,,,
GT-BL-GANRYOU-AO(IH),,,,ND,,,,,,,,,,,,,,,,,,,,,,,,,,,,,,,,,,,,,,,,,,
GT-BLK-GANRYOU(CA),,,,ND,,,,,,,,,,,,,,,,,,,,,,,,,,,,,,,,,,,,,,,,,,
GT-BLK-GANRYOU(CT),,,,ND,,,,,,,,,,,,,,,,,,,,,,,,,,,,,,,,,,,,,,,,,,
G-T-BOH,1100,t-ÌŞÀÉ°Ù,t-ÌŞÀÉ°Ù,75-65-0,ŠY“–,0.001,,,,,,,,,,,,,,,,t-ÌŞÀÉ°Ù,2-methyl-2-propanol,2-methyl-2-propanol,•Ê•\‘æ9‚Ì477,,2-bŠî-2-•¸†,,,,,,,,,,0.01,,,,,,,,,
GT-BRWZ-LQ,,,,ND,,,,,,,,,,,,,,,,,,,,,,,,,,,,,,,,,,,,,,,,,,
G-TDI,20,ÄØÚİ¼Ş²¿¼±È°Ä,ÄØÚİ¼Ş²¿¼±È°Ä,26471-62-5,ŠY“–,0.001,1-298,0.01,,,,,,,,,,,0.005,,,ÄØÚİ¼Ş²¿¼±È°Ä,tolylene diisocyanate,Methyl-1_3-phenylene diisocyanate,•Ê•\‘æ9‚Ì405,,b?“ñ??_?,3-2214,—Dæ•]‰¿‰»Šw•¨¿,1-345,‘æˆêí,‘æˆêí,‘æ“ñ—Ş•¨¿,•Ê•\‘æ3‘æ2†23,0.01,0.005ppm,0.01,,,,,2078,6.1,TOLUENE DIISOCYANATE,2929.1,20230508
GT-DPHA(80PTOL),,,,ND,,,,,,,,,,,,,,,,,,,,,,,,,,,,,,,,,,,,,,,,,,
G-TEA,500,ÄØ´ÁÙ±Ğİ,ÄØ´ÁÙ±Ğİ,121-44-8,ŠY“–,0.01,1í(277),0.01,,,,,,,,,,,,,,ÄØ´ÁÙ±Ğİ,triethylamine,Triethylamine,•Ê•\‘æ9‚Ì382,,O‰³?,,,,,,,,,,0.01,,,,,,,,,
GT-ED-CL,,,,ND,,,,,,,,,,,,,,,,,,,,,,,,,,,,,,,,,,,,,,,,,,
GT-EE1S73-CL,,,,ND,,,,,,,,,,,,,,,,,,,,,,,,,,,,,,,,,,,,,,,,,,
GT-EE1S-CL,,,,ND,,,,,,,,,,,,,,,,,,,,,,,,,,,,,,,,,,,,,,,,,,
GT-EF802(50PBA),,,,ND,,,,,,,,,,,,,,,,,,,,,,,,,,,,,,,,,,,,,,,,,,
GT-FK2K1-T,,,,ND,,,,,,,,,,,,,,,,,,,,,,,,,,,,,,,,,,,,,,,,,,
GT-FPA-KAMA,,,,ND,,,,,,,,,,,,,,,,,,,,,,,,,,,,,,,,,,,,,,,,,,
GT-GANRYOU(KURO),,,,ND,,,,,,,,,,,,,,,,,,,,,,,,,,,,,,,,,,,,,,,,,,
GT-GANRYOU(SIRO),,,,ND,,,,,,,,,,,,,,,,,,,,,,,,,,,,,,,,,,,,,,,,,,
GT-H2O,9999,…,‚»‚Ì‘¼“Y‰ÁÜ¤…A“™,7732-18-5,,,,,,,,,,,,,,,,,,…,water,water,,,…,,,,,,,,,,,,,,,,,,,
G-THM-PHTHALIC-AN,500,ÃÄ×ËÄŞÛÒÁÙ–³…ÌÀÙ_,ÃÄ×ËÄŞÛÒÁÙ–³…ÌÀÙ_,11070-44-3,ŠY“–,0.001,1í(265),0.01,,,,,,,,,,,,,,,,Methyltetrahydroisobenzofuran-1_3-dione,•Ê•\‘æ9‚Ì367‚Ì2,,l?bŠî??“ñb_?,,,,,,,,,,0.01,,,,,,,,,
GT-IK55AL-SOL,,,,ND,,,,,,,,,,,,,,,,,,,,,,,,,,,,,,,,,,,,,,,,,,
GT-KA150TY-SOL,,,,ND,,,,,,,,,,,,,,,,,,,,,,,,,,,,,,,,,,,,,,,,,,
G-TIN-123,600,‘Ï‡ŠOü“Y‰ÁÜ,“Y‰ÁÜ,129757-67-1,,,,,95,280,,,367,0.0002,,,,,,,,,,Decanedioic acid_ bis(2_2_6_6-tetramethyl-4-piperidinyl) ester_ reaction products with tert-Bu hydroperoxide and octane,,,“Y‰Á?,,,,,,,,,,,,,,,,,,,
G-TIN-400,600,‘Ï‡ŠOü“Y‰ÁÜ,“Y‰ÁÜ,153519-44-9,,,,,,,,,,,,,,,,,,,,,,,“Y‰Á?,,,,,,,,,,,,,,,,,,,
G-TIN-479,600,Tinuvin 479,“Y‰ÁÜ,ND,,,,,,500,,,,,,,,,,,,,,,,,“Y‰Á?,,,,,,,,,,,,,,,,,,,
G-TMBZ,1153,‚»‚Ì‘¼‚ÌÄØÒÁÙÍŞİ¾Şİ,‚»‚Ì‘¼‚ÌÄØÒÁÙÍŞİ¾Şİ,25551-13-7,ŠY“–,0.01,,,,,,,,,,,,25,,,0,ÄØÒÁÙÍŞİ¾Şİ¬‡•¨,trimethyl benzene (mixed isomers),Benzene_ trimethyl-,•Ê•\‘æ9‚Ì404,,Ob?,3-7 3-3427,—Dæ•]‰¿‰»Šw•¨¿,1-342,,‘æˆêí,,,,,0.01,,,,,1993,3,FLAMMABLE LIQUID  N.O.S.,,20230417
GT-MEK-BE-4,,,,ND,,,,,,,,,,,,,,,,,,,,,,,,,,,,,,,,,,,,,,,,,,
GT-MEK-BE4Z,,,,ND,,,,,,,,,,,,,,,,,,,,test,,,,,,,,,,,,,,,,,,,,,,
GT-MEK-BLK,,,,ND,,,,,,,,,,,,,,,,,,,,,,,,,,,,,,,,,,,,,,,,,,
GT-MEK-BLKZ,,,,ND,,,,,,,,,,,,,,,,,,,,,,,,,,,,,,,,,,,,,,,,,,
GT-MEK-BLU,,,,ND,,,,,,,,,,,,,,,,,,,,,,,,,,,,,,,,,,,,,,,,,,
GT-MEK-BLUZ,,,,ND,,,,,,,,,,,,,,,,,,,,,,,,,,,,,,,,,,,,,,,,,,
GT-MEK-BRWZ,,,,ND,,,,,,,,,,,,,,,,,,,,,,,,,,,,,,,,,,,,,,,,,,
GT-MEK-ORA,,,,ND,,,,,,,,,,,,,,,,,,,,,,,,,,,,,,,,,,,,,,,,,,
GT-MEK-ORAZ,,,,ND,,,,,,,,,,,,,,,,,,,,,,,,,,,,,,,,,,,,,,,,,,
GT-MEK-RED,,,,ND,,,,,,,,,,,,,,,,,,,,,,,,,,,,,,,,,,,,,,,,,,
GT-MEK-REDZ,,,,ND,,,,,,,,,,,,,,,,,,,,,,,,,,,,,,,,,,,,,,,,,,
GT-MEK-RHS,,,,ND,,,,,,,,,,,,,,,,,,,,,,,,,,,,,,,,,,,,,,,,,,
GT-MEK-YEL,,,,ND,,,,,,,,,,,,,,,,,,,,,,,,,,,,,,,,,,,,,,,,,,
GT-MEK-YELZ,,,,ND,,,,,,,,,,,,,,,,,,,,,,,,,,,,,,,,,,,,,,,,,,
GT-MOH-PNK,,,,ND,,,,,,,,,,,,,,,,,,,,,,,,,,,,,,,,,,,,,,,,,,
G-TMP,4,,ÌªÉ°Ù÷‰,ND,,,,,,,,,,,,,,,,,,,,Phenolic resin,,,???‰,,,,,,,,,,,,,,,,,,,
G-TMPTA,1,ÄØÒÁÛ°ÙÌßÛÊßİÄØ±¸ØÚ°Ä,ÄØÒÁÛ°ÙÌßÛÊßİÄØ±¸ØÚ°Ä,15625-89-5,,0.001,,,,,,,,,,,,,,,,ÄØÒÁÛ°ÙÌßÛÊßİÄØ±¸ØÚ°Ä,trimethylolpropane triacrylate,Acrylic resin,•Ê•\‘æ9‚Ì404‚Ì2:—ß˜a6”N4Œ1“ú{s,ÄØÒÁÛ°ÙÌßÛÊßİÄØ±¸ØÚ°Ä,O?bŠî•¸?O•¸?_?,2-958 2-1010,,,,,,,,,0.003,,,,,,,,,
G-TMPTGE,5,ÄØÒÁÛ°ÙÌßÛÊßİÄØ¸ŞØ¼¼ŞÙ´°ÃÙ,–§’…•t—^÷‰,30499-70-8,,,,,,,,,,,,,,,,,,ÄØÒÁÛ°ÙÌßÛÊßİÄØ¸ŞØ¼¼ŞÙ´°ÃÙ,1_3-Propanediol_ 2-ethyl-2-(hydroxymethyl)-_ polymer with 2-(chloromethyl)oxirane,Acrylic resin,,ÄØÒÁÛ°ÙÌßÛÊßİÄØ¸ŞØ¼¼ŞÙ´°ÃÙ,O?bŠî•¸?O?…ŠÃ–û?,,,,,,,,,,,,,,,,,,,
GT-N-695SOL(KHU-3),,,,ND,,,,,,,,,,,,,,,,,,,,,,,,,,,,,,,,,,,,,,,,,,
GT-N-695SOL(PL-Y10U),,,,ND,,,,,,,,,,,,,,,,,,,,,,,,,,,,,,,,,,,,,,,,,,
G-naphtha,1065,‡¬²¿Êß×Ì¨İŒn’Y‰»…‘f,’Y‰»…‘f,64741-66-8,,,,,,,,,,,,,,,,,,,,Naphtha (petroleum)_ light alkylate,,,????,,,,,,,,,,,,,,,,,,,
GT-NO5-TH,,,,ND,,,,,,,,,,,,,,,,,,,,,,,,,,,,,,,,,,,,,,,,,,
GT-NP-120SOL,,,,ND,,,,,,,,,,,,,,,,,,,,,,,,,,,,,,,,,,,,,,,,,,
G-TOL,1000,ÄÙ´İ,ÄÙ´İ,108-88-3,ŠY“–,0.001,1-300,0.01,5,545,1.3,7,110.6,2.9,3.2,2.5,,50,50,5000,1,ÄÙ´İ,toluene,Toluene,•Ê•\‘æ9‚Ì407,,b?,3-2 3-60,—Dæ•]‰¿‰»Šw•¨¿,1-347,‘æˆêí,‘æˆêí,,,,20ppm,0.003,‘æ“ñí—L‹@—nÜ“™,37,­—ßEŒ€•¨,­—ß‘æ2ğ‘æ1€‘æ76†‚Ì2,1294,3,TOLUENE,2902.3,20230417
G-TP-2000,11,,ÎßØÌŞÀ¼Ş´İ÷‰,ND,,,,,,,,,,,,,,,,,,,,Polybutadiene resin,,,ãÚ’š“ñ??‰,,,,,,,,,,,,,,,,,,,
G-TPA-330,1,±¸ØÚ°Ä÷‰,±¸ØÙ÷‰,53879-54-2,,,,,,,,,,,,,,,,,,,,Poly[oxy(methyl-1_2-ethanediyl)]_ .alpha.-hydro-.omega.-[(1-oxo-2-propen-1-yl)oxy]-_ ether with 2-ethyl-2-(hydroxymethyl)-1_3-propanediol (3:1),,,•¸?_?‰,,,,,,,,,,,,,,,,,,,
GT-QTN1325-SOL,10,,Î–û÷‰,ND,,,,,,,,,,,,,,,,,,,,Petroleum resin,,,Î–û?‰,,,,,,,,,,,,,,,,,,,
G-TR-1/8NC,13,ÆÄÛ¾ÙÛ°½Ş,ÆÄÛ¾ÙÛ°½Ş,9004-70-0,ŠY“–,0,,,,,,,,,,,,,,,,É‰»–È,cellulose nitrate,Cellulose_ nitrate,•Ê•\‘æ9‚Ì424,,É_??‘f,8-176,,,,,,,,,0,,,,,340,1.1,NITROCELLULOSE  dry or wetted with less than 25% water (or alcohol)  by mass,,
GT-R-140SOL,9,,–û•Ï«³ÚÀİ÷‰,ND,,,,,,,,,,,,,,,,,,,,Oil-modified urethane resin,,,–û‰ü«“IãÚ???‰,,,,,,,,,,,,,,,,,,,
G-TRPN,1061,ĞÈ×ÙÀ°Íßİ,ĞÈ×Ù½ËßØ¯Ä,64742-47-8,ŠY“–,0.01,,,42,238,1,7,150,0,4.7,,,100,,,1,ÎÜ²Ä½ËßØ¯Ä,white spirit,Distillates (petroleum)_ hydrotreated light,•Ê•\‘æ9‚Ì551,,Î–û‰Á???•ª,,,,,,,,,,0.01,‘æOí—L‹@—nÜ“™,54,,,1268,3,PETROLEUM DISTILLATES  N.O.S. or PETROLEUM PRODUCTS  N.O.S.,,20230417
G-TS-1/4NC,13,ÆÄÛ¾ÙÛ°½Ş,ÆÄÛ¾ÙÛ°½Ş,9004-70-0,ŠY“–,0,,,,,,,,,,,,,,,,É‰»–È,cellulose nitrate,Cellulose_ nitrate,•Ê•\‘æ9‚Ì424,,É_??‘f,8-176,,,,,,,,,0,,,,,340,1.1,NITROCELLULOSE  dry or wetted with less than 25% water (or alcohol)  by mass,,
G-TS-408PM,14,±ÙĞŠç—¿,±ÙĞŠç—¿,7429-90-5,ŠY“–,0.01,,,,,,,,,,,,,,,,±ÙĞÆ³Ñ,aluminium,Aluminum,•Ê•\‘æ9‚Ì37,,??—¿,,,,,,,,,,0.01,,,,,1309,4.1,ALUMINIUM POWDER  COATED,,20230508
G-TSC-920,600,,“Y‰ÁÜ,ND,,,,,,,,,,,,,,,,,,,,Additive,,,,,,,,,,,,,,,,,,,,,,
G-TSF-400,600,,“Y‰ÁÜ,ND,,,,,,,,,,,,,,,,,,,,Additive,,,,,,,,,,,,,,,,,,,,,,
G-TSF-4446,600,,“Y‰ÁÜ,ND,,,,,,,,,,,,,,,,,,,,Additive,,,,,,,,,,,,,,,,,,,,,,
G-TSL-8350,600,´Îß·¼¼×İ,“Y‰ÁÜ,2530-83-8,,,,,149,300,,,290,1.3,,,,,,,1,´Îß·¼¼×İ,3-(2_3-epoxypropoxy)propyltrimethoxy-silane,2-{[3-(Trimethoxysilyl)propoxy]methyl}oxirane,,2-{[3-(ÄØÒÄ·¼¼ØÙ)ÌßÛÎß·¼]ÒÁÙ}µ·¼×İ,3-(2_3-??•¸?)•¸ŠîOb?Šîáé?,2-2071,,1-344,,‘æˆêí,,,,,,,,,,,,,,20230417
GT-ST18-T,,,,ND,,,,,,,,,,,,,,,,,,,,,,,,,,,,,,,,,,,,,,,,,,
GT-ST32-T,,,,ND,,,,,,,,,,,,,,,,,,,,,,,,,,,,,,,,,,,,,,,,,,
GT-TR1K-AL-SOL,,,,ND,,,,,,,,,,,,,,,,,,,,,,,,,,,,,,,,,,,,,,,,,,
GT-TSF4446(50PTOL),,,,ND,,,,,,,,,,,,,,,,,,,,,,,,,,,,,,,,,,,,,,,,,,
GT-URP-KAMA,,,,ND,,,,,,,,,,,,,,,,,,,,,,,,,,,,,,,,,,,,,,,,,,
GT-UT210A-T,,,,ND,,,,,,,,,,,,,,,,,,,,,,,,,,,,,,,,,,,,,,,,,,
GT-UT210N-T,,,,ND,,,,,,,,,,,,,,,,,,,,,,,,,,,,,,,,,,,,,,,,,,
GT-UV-3200B-SOL,,,,ND,,,,,,,,,,,,,,,,,,,,,,,,,,,,,,,,,,,,,,,,,,
GT-UV382-T,,,,ND,,,,,,,,,,,,,,,,,,,,,,,,,,,,,,,,,,,,,,,,,,
GT-V-120SOL,5,,–§’…•t—^÷‰,ND,,,,,,,,,,,,,,,,,,,,Adhesion imparting resin,,,”S’…?‰,,,,,,,,,,,,,,,,,,,
GT-V-5500-80BA,1,,±¸ØÙ÷‰,ND,,,,,,,,,,,,,,,,,,,,Acrylic resin,,,•¸?_?‰,,,,,,,,,,,,,,,,,,,
GT-V-5500-80EG,1,,±¸ØÙ÷‰,ND,,,,,,,,,,,,,,,,,,,,Acrylic resin,,,•¸?_?‰,,,,,,,,,,,,,,,,,,,
GT-V-5500-80X,1,,±¸ØÙ÷‰,ND,,,,,,,,,,,,,,,,,,,,Acrylic resin,,,•¸?_?‰,,,,,,,,,,,,,,,,,,,
G-UA-1100H,1,,±¸ØÙ÷‰,ND,,,,,,,,,,,,,,,,,,,,,,,,,,,,,,,,,,,,,,,,,,
G-UN-901T,1,,±¸ØÙ÷‰,ND,,,,,,,,,,,,,,,,,,,,Acrylic resin,,,•¸?_?‰,,,,,,,,,,,,,,,,,,,
G-UO-10,9,,–û•Ï«³ÚÀİ÷‰,ND,,,,,,,,,,,,,,,,,,,,Oil-modified urethane resin,,,–û‰ü«“IãÚ???‰,,,,,,,,,,,,,,,,,,,
G-UO-3,9,,–û•Ï«³ÚÀİ÷‰,ND,,,,,,,,,,,,,,,,,,,,Oil-modified urethane resin,,,–û‰ü«“IãÚ???‰,,,,,,,,,,,,,,,,,,,
G-UO-X,9,,–û•Ï«³ÚÀİ÷‰,ND,,,,,,,,,,,,,,,,,,,,Oil-modified urethane resin,,,–û‰ü«“IãÚ???‰,,,,,,,,,,,,,,,,,,,
G-UV-3200B,1,,±¸ØÙ÷‰,ND,,,,,,,,,,,,,,,,,,,,Acrylic resin,,,•¸?_?‰,,,,,,,,,,,,,,,,,,,
G-UV-3520EA,1,,±¸ØÙ÷‰,ND,,,,,,,,,,,,,,,,,,,,Acrylic resin,,,•¸?_?‰,,,,,,,,,,,,,,,,,,,
G-UV-7600B,1,,±¸ØÙ÷‰,ND,,,,,113,,,,,,,,,,,,,,,Acrylic resin,,,•¸?_?‰,,,,,,,,,,,,,,,,,,,
G-UVA,600,UVA(kari),“Y‰ÁÜ,ND,,,,,,,,,,,,,,,,,,,,,,,,,,,,,,,,,,,,,,,,,,
G-UVX-6389,1,±ÛÆ¯¸½UVX-6389,±¸ØÙ÷‰,ND,,,,,,,,,,,,,,,,,,,,Acrylic resin,,,•¸?_?‰,,,,,,,,,,,,,,,,,,,
G-V-120,5,¸ÏÛİ²İÃŞİ÷‰,–§’…•t—^÷‰,63393-89-5,,,,,,,,,,,,,,,,,,,,Adhesion imparting resin,,¸ÏÛİ-²İÃŞİ÷‰,”S’…?‰,6-1030,,,,,,,,,,,,,,,,,,20230508
G-V-4018,1,,±¸ØÙ÷‰,ND,,,,,,,,,,,,,,,,,,,,Acrylic resin,,,•¸?_?‰,,,,,,,,,,,,,,,,,,,
G-V-4221,1,,±¸ØÙ÷‰,ND,,,,,,,,,,,,,,,,,,,,Acrylic resin,,,•¸?_?‰,,,,,,,,,,,,,,,,,,,
G-V-5500,1,,±¸ØÙ÷‰,ND,,,,,,,,,,,,,,,,,,,,Acrylic resin,,,•¸?_?‰,,,,,,,,,,,,,,,,,,,
G-V-5510,1,,±¸ØÙ÷‰,ND,,,,,,,,,,,,,,,,,,,,Acrylic resin,,,•¸?_?‰,,,,,,,,,,,,,,,,,,,
G-VC-VA-ALC,7,‰–‰»ËŞÆÙ-|_ËŞÆÙ-ËŞÆÙ±Ùº°Ù‹¤d‡•¨,ËŞÆÙ÷‰,25086-48-0,,,,,,,,,,,,,,,,,,,,Polymer of chloroethene / ethenol / vinyl acetate,,¸ÛÛ´Ãİ¥´ÃÉ°Ù¥ËŞÆÙ=±¾À°Äd‡•¨,‰³?Šî?‰,,,,,,,,,,,,,,,,,,,
G-VG050W,800,,Šç—¿,ND,,,,,,,,,,,,,,,,,,,,,,,,,,,,,,,,,,,,,,,,,,
G-VG105R,800,,Šç—¿,ND,,,,,,,,,,,,,,,,,,,,,,,,,,,,,,,,,,,,,,,,,,
G-VH105RED-3,800,¼Ş¹ÄËßÛÛËßÛ°ÙŒnŠç—¿,Šç—¿,ND,,,,,,,,,,,,,,,,,,,,Orange pigment,,¼Ş¹ÄËßÛÛËßÛ°ÙŒnŠç—¿,òFF‘f,,,,,,,,,,,,,,,,,,,
G-VH111MAG-01,800,·Å¸ÄŞİŒnŠç—¿,Šç—¿,1047-16-1,,,,,,,,,,,,,,,,,,·Å¸ØÄŞİÚ¯ÄŞ,quinacridone,Quino[2_3-b]acridine-7_14-dione_ 5_12-dihydro-,,·Å¸ØÄŞİP.V.19,•²?F‘f,,,,,,,,,,,,,,,,,,,
G-VH111MAG-02,800,·Å¸ÄŞİŒnŠç—¿,Šç—¿,3089-17-6,,,,,,,,,,,,,,,,,,,,Quino[2_3-b]acridine-7_14-dione_ 2_9-dichloro-5_12-dihydro-,,,•²?F‘f,,,,,,,,,,,,,,,,,,,
G-VH201ORA-15,800,¼Ş¹ÄËßÛÛËßÛ°ÙŒnŠç—¿,Šç—¿,ND,,,,,,,,,,,,,,,,,,,,Orange pigment,,¼Ş¹ÄËßÛÛËßÛ°ÙŒnŠç—¿,òFF‘f,,,,,,,,,,,,,,,,,,,
G-VH375YEL-3,800,²¿²İÄŞØÉİŒnŠç—¿,Šç—¿,5590-18-1,,,,,,,,,,,,,,,,,,,,4_4'_5_5'_6_6'_7_7'-Octachloro-3_3'-(1_4-phenylenedinitrilo)diisoindolin-1-one,,ƒCƒ\ƒCƒ“ƒhƒŠƒmƒ“i‚oD‚xD‚P‚P‚Oj,‰©F?—¿,,,,,,,,,,,,,,,,,,,
G-VH680BLU-15,800,±İ½×·ÉİŒnŠç—¿,Šç—¿,81-77-6,,,,,,,,,,,,,,,,,,²İÀŞ½ÛİÌŞÙ°,C.I.Pigment Blue 60,6_15-Dihydrodinaphtho[2_3-a:2_3-b]phenazine-5_9_14_18-tetrone,,6_15-¼ŞËÄŞÛ¼ŞÅÌÄ[2_3-a:2_3-h]ÌªÅ¼Şİ-5_9_14_18-ÃÄ×µİ,?—¿? 60,,,,,,,,,,,,,,,,,,,
G-VH680BLU-3,800,±İ½×·ÉİŒnŠç—¿,Šç—¿,81-77-6,,,,,,,,,,,,,,,,,,²İÀŞ½ÛİÌŞÙ°,C.I.Pigment Blue 60,6_15-Dihydrodinaphtho[2_3-a:2_3-b]phenazine-5_9_14_18-tetrone,,6_15-¼ŞËÄŞÛ¼ŞÅÌÄ[2_3-a:2_3-h]ÌªÅ¼Şİ-5_9_14_18-ÃÄ×µİ,?—¿? 60,,,,,,,,,,,,,,,,,,,
G-VH701VIO-3,800,¼Şµ·»¼ŞİŒnŠç—¿,Šç—¿,17741-63-8,,,,,,,,,,,,,,,,,,,,N_N'-[6_13-diacetamido-2_9-diethoxy-3_10-triphenodioxazinediyl]bis(benzamide),,Ëß¸ŞÒİÄÊŞ²µÚ¯Ä-37,‡F‘f,,,,,,,,,,,,,,,,,,,
G-VH805BLK-15,800,•¡‡_‰»•¨ŒnŠç—¿,Šç—¿,68186-94-7,ŠY“–,0.001,,,,,,,,,,,,,,,,,,Manganese ferrite black spinel,,•¡‡_‰»•¨ŒnŠç—¿,üKF‘f,,,,,,,,,,0.01,,,,,,,,,
G-VH805BLK-3,800,•¡‡_‰»•¨ŒnŠç—¿,Šç—¿,68186-94-7,ŠY“–,0.001,,,,,,,,,,,,,,,,,,Manganese ferrite black spinel,,•¡‡_‰»•¨ŒnŠç—¿,üKF‘f,,,,,,,,,,0.01,,,,,,,,,
G-VH9800BLK-3,800,•¡‡_‰»•¨ŒnŠç—¿,Šç—¿,68186-94-7,ŠY“–,0.001,,,,,,,,,,,,,,,,,,Manganese ferrite black spinel,,•¡‡_‰»•¨ŒnŠç—¿,üKF‘f,,,,,,,,,,0.01,,,,,,,,,
G-VINYL-ACE,1000,|_ËŞÆÙ,|_ËŞÆÙ,108-05-4,ŠY“–,0.001,1í(134),0.01,,,,,,,,,,,,,,|_ËŞÆÙ,vinyl accetate,Vinyl acetate,•Ê•\‘æ9‚Ì180,,‰³_‰³??,,,,,,,,,,0.01,,,,,,,,,
G-W-700,600,ÄØÒØ¯Ä_ÄØ-2-´ÁÙÍ·¼Ù,“Y‰ÁÜ,3319-31-1,,,,,,,,,,,,,,,,,,ÄØÒØ¯Ä_ÄØ-2-´ÁÙÍ·¼Ù,tris(2-ethylhexyl)benzene-1_2_4-tricarboxylate,Additive,,,•Î?O_Oh?,3-1372 3-2684,,,,,,,,,,,,,,,,,,
G-WBU-1218,1,,±¸ØÙ÷‰,ND,,,,,,,,,,,,,,,,,,,,Acrylic resin,,,•¸?_?‰,,,,,,,,,,,,,,,,,,,
G-WFU-580,1,±¸Ø¯ÃŞ¨¯¸ WFU-580,±¸ØÙ÷‰,ND,,,,,,,,,,,,,,,,,,,,Acrylic resin,,,•¸?_?‰,,,,,,,,,,,,,,,,,,,
G-WGU-337,1,±¸ØÃŞ¨¯¸ WGU-337,±¸ØÙ÷‰,ND,,,,,,,,,,,,,,,,,,,,Acrylic resin,,,•¸?_?‰,,,,,,,,,,,,,,,,,,,
G-WHB-107,2,,ÎßØ´½ÃÙŒn÷‰,ND,,,,,,,,,,,,,,,,,,,,Polyester resin,,,ãÚ??‰,,,,,,,,,,,,,,,,,,,
G-WLS-373,1,Ù¸¼ÃŞ¨±WLS-373,±¸ØÙ÷‰,ND,,,,,,,,,,,,,,,,,,,,Acrylic resin,,,•¸?_?‰,,,,,,,,,,,,,,,,,,,
G-WML-350,1,ACRYDIC WML-350,±¸ØÙ÷‰,ND,,,,,,,,,,,,,,,,,,,,Acrylic resin,,,•¸?_?‰,,,,,,,,,,,,,,,,,,,
G-WNL-379,1,ACRYDIC WNL-379,±¸ØÙ÷‰,ND,,,,,,,,,,,,,,,,,,,,Acrylic resin,,,•¸?_?‰,,,,,,,,,,,,,,,,,,,
G-WPG-330,1,ACRYDIC WPG-330,±¸ØÙ÷‰,ND,,,,,,,,,,,,,,,,,,,,Acrylic resin,,,•¸?_?‰,,,,,,,,,,,,,,,,,,,
G-WPL-304,1,ACRYDIC WPL-304,±¸ØÙ÷‰,ND,,,,,,,,,,,,,,,,,,,,Acrylic resin,,,•¸?_?‰,,,,,,,,,,,,,,,,,,,
G-WXU-880,1,WXU-880,±¸ØÙ÷‰,ND,,,,,,,,,,,,,,,,,,,,Acrylic resin,,,•¸?_?‰,,,,,,,,,,,,,,,,,,,
G-WXU-880BA,1,±¸ØÃŞ¨¯¸ WXU-880-BA,±¸ØÙ÷‰,ND,,,,,,,,,,,,,,,,,,,,Acrylic resin,,,•¸?_?‰,,,,,,,,,,,,,,,,,,,
G-X-483,2,,ÎßØ´½ÃÙŒn÷‰,ND,,,,,,,,,,,,,,,,,,,,Polyester resin,,,ãÚ??‰,,,,,,,,,,,,,,,,,,,
G-XK-5166,1,,±¸ØÙ÷‰,ND,,,,,,,,,,,,,,,,,,,,Acrylic resin,,,•¸?_?‰,,,,,,,,,,,,,,,,,,,
G-XK-6006,1,,±¸ØÙ÷‰,ND,,,,,,,,,,,,,,,,,,,,Acrylic resin,,,•¸?_?‰,,,,,,,,,,,,,,,,,,,
G-XK-9195K3,2,XK-9195‰ü—Ç•i3,ÎßØ´½ÃÙŒn÷‰,ND,,,,,,,,,,,,,,,,,,,,Polyester resin,,,ãÚ??‰,,,,,,,,,,,,,,,,,,,
G-XOL,1010,·¼Úİ,·¼Úİ,1330-20-7,ŠY“–,0.001,1-80,0.01,27,463,1,7,136,0.6,3.7,0.7,,100,50,4400,1,·¼Úİ,xylene_mixed isomers_ pure,Xylene,•Ê•\‘æ9‚Ì136,,“ñb?,3-3 3-60,—Dæ•]‰¿‰»Šw•¨¿,1-103,‘æˆêí,‘æˆêí,,,,50ppm,0.003,‘æ“ñí—L‹@—nÜ“™,11,­—ßEŒ€•¨,­—ß‘æ2ğ‘æ1€‘æ22†‚Ì4,,,,2902.44,20230417
G-XV-0282,2,XV-0282,ÎßØ´½ÃÙŒn÷‰,ND,,,,,,,,,,,,,,,,,,,,Polyester resin,,,ãÚ??‰,,,,,,,,,,,,,,,,,,,
G-YEL-4110Z,900,¸ÛÑ‹y‚Ñ‚»‚Ì‰»‡•¨,¸ÛÑ‹y‚Ñ‚»‚Ì‰»‡•¨,5601-29-6,,,1í(87),0.01,,,,,,,,,,,,,,,,Hydrogen bis[2-[(4_5-dihydro-3-methyl-5-oxo-1-phenyl-1H-pyrazol-4-yl)azo]benzoato(2-)]chromate(1-),•Ê•\‘æ9‚Ì142,,?‹y‘´‰»‡•¨,,,,,,,,,,,,,,,,,,,
G-YEL-RHS,900,,õ—¿,ND,,,,,,,,,,,,,,,,,,,,,,,,,,,,,,,,,,,,,,,,,,
G-YH-307,500,,d‰»Ü,ND,,,,,,,,,,,,,,,,,,,,,,,d‰»?,,,,,,,,,,,,,,,,,,,
G-YU-120,1,,±¸ØÙ÷‰,ND,,,,,,,,,,,,,,,,,,,,Acrylic resin,,,•¸?_?‰,,,,,,,,,,,,,,,,,,,
G-Z4470,6,IPDIÎÓÎßØÏ°,ÎßØ²¿¼±È°Ä÷‰,53880-05-0,,,,,,,,,,,,,,,,,,IPDIÎÓÎßØÏ°,IPDI-homo-polymer,Cyclohexane_ 5-isocyanato-1-(isocyanatomethyl)-1_3_3-trimethyl-_ homopolymer,,,ãÚ????“ñ??_?,,,,,,,,,,,,,,,,,,,
G-Z-700K,1,±²¶ÄÛİ Z-700K-2HLA,±¸ØÙ÷‰,ND,,,,,,,,,,,,,,,,,,,,,,,,,,,,,,,,,,,,,,,,,,
G-Z-876HAL,1,±²¶ÄÛİ Z-876HAL,±¸ØÙ÷‰,ND,,,,,,,,,,,,,,,,,,,,,,,,,,,,,,,,,,,,,,,,,,
G-ZN-13,6000,ÎßØµÚÌ¨İ,‰Á‚µÜ,ND,,,,,,,,,,,,,,,,,,,,,,,,,,,,,,,,,,,,,,,,,,
G-ZN-13,6000,ÎßØµÚÌ¨İ,‰Á‚µÜ,ND,,,,,,,,,,,,,,,,,,,,,,,,,,,,,,,,,,,,,,,,,,
